batch_index,metric,tau,area,comp,suff
0,mae,0,0.05,6.648976,13.853383
0,mae,0,0.075,7.273253,14.111444
0,mae,0,0.1,8.365346,14.625088
0,mae,0,0.15,9.148756,15.258864
0,mse,0,0.05,3.083336,11.965299
0,mse,0,0.075,3.798154,12.314379
0,mse,0,0.1,4.890165,12.981571
0,mse,0,0.15,5.573194,13.586617
0,mae,1,0.05,6.648976,13.853383
0,mae,1,0.075,7.273253,14.111444
0,mae,1,0.1,8.365346,14.625088
0,mae,1,0.15,9.148756,15.258864
0,mse,1,0.05,3.083336,11.965299
0,mse,1,0.075,3.798154,12.314379
0,mse,1,0.1,4.890165,12.981571
0,mse,1,0.15,5.573194,13.586617
0,mae,2,0.05,6.648976,13.853383
0,mae,2,0.075,7.273253,14.111444
0,mae,2,0.1,8.365346,14.625088
0,mae,2,0.15,9.148756,15.258864
0,mse,2,0.05,3.083336,11.965299
0,mse,2,0.075,3.798154,12.314379
0,mse,2,0.1,4.890165,12.981571
0,mse,2,0.15,5.573194,13.586617
0,mae,3,0.05,6.648976,13.853383
0,mae,3,0.075,7.273253,14.111444
0,mae,3,0.1,8.365346,14.625088
0,mae,3,0.15,9.148756,15.258864
0,mse,3,0.05,3.083336,11.965299
0,mse,3,0.075,3.798154,12.314379
0,mse,3,0.1,4.890165,12.981571
0,mse,3,0.15,5.573194,13.586617
0,mae,4,0.05,6.648976,13.853383
0,mae,4,0.075,7.273253,14.111444
0,mae,4,0.1,8.365346,14.625088
0,mae,4,0.15,9.148756,15.258864
0,mse,4,0.05,3.083336,11.965299
0,mse,4,0.075,3.798154,12.314379
0,mse,4,0.1,4.890165,12.981571
0,mse,4,0.15,5.573194,13.586617
0,mae,5,0.05,6.648976,13.853383
0,mae,5,0.075,7.273253,14.111444
0,mae,5,0.1,8.365346,14.625088
0,mae,5,0.15,9.148756,15.258864
0,mse,5,0.05,3.083336,11.965299
0,mse,5,0.075,3.798154,12.314379
0,mse,5,0.1,4.890165,12.981571
0,mse,5,0.15,5.573194,13.586617
0,mae,6,0.05,6.648976,13.853383
0,mae,6,0.075,7.273253,14.111444
0,mae,6,0.1,8.365346,14.625088
0,mae,6,0.15,9.148756,15.258864
0,mse,6,0.05,3.083336,11.965299
0,mse,6,0.075,3.798154,12.314379
0,mse,6,0.1,4.890165,12.981571
0,mse,6,0.15,5.573194,13.586617
0,mae,7,0.05,6.648976,13.853383
0,mae,7,0.075,7.273253,14.111444
0,mae,7,0.1,8.365346,14.625088
0,mae,7,0.15,9.148756,15.258864
0,mse,7,0.05,3.083336,11.965299
0,mse,7,0.075,3.798154,12.314379
0,mse,7,0.1,4.890165,12.981571
0,mse,7,0.15,5.573194,13.586617
0,mae,8,0.05,6.648976,13.853383
0,mae,8,0.075,7.273253,14.111444
0,mae,8,0.1,8.365346,14.625088
0,mae,8,0.15,9.148756,15.258864
0,mse,8,0.05,3.083336,11.965299
0,mse,8,0.075,3.798154,12.314379
0,mse,8,0.1,4.890165,12.981571
0,mse,8,0.15,5.573194,13.586617
0,mae,9,0.05,6.648976,13.853383
0,mae,9,0.075,7.273253,14.111444
0,mae,9,0.1,8.365346,14.625088
0,mae,9,0.15,9.148756,15.258864
0,mse,9,0.05,3.083336,11.965299
0,mse,9,0.075,3.798154,12.314379
0,mse,9,0.1,4.890165,12.981571
0,mse,9,0.15,5.573194,13.586617
0,mae,10,0.05,6.648976,13.853383
0,mae,10,0.075,7.273253,14.111444
0,mae,10,0.1,8.365346,14.625088
0,mae,10,0.15,9.148756,15.258864
0,mse,10,0.05,3.083336,11.965299
0,mse,10,0.075,3.798154,12.314379
0,mse,10,0.1,4.890165,12.981571
0,mse,10,0.15,5.573194,13.586617
0,mae,11,0.05,6.648976,13.853383
0,mae,11,0.075,7.273253,14.111444
0,mae,11,0.1,8.365346,14.625088
0,mae,11,0.15,9.148756,15.258864
0,mse,11,0.05,3.083336,11.965299
0,mse,11,0.075,3.798154,12.314379
0,mse,11,0.1,4.890165,12.981571
0,mse,11,0.15,5.573194,13.586617
0,mae,12,0.05,6.648976,13.853383
0,mae,12,0.075,7.273253,14.111444
0,mae,12,0.1,8.365346,14.625088
0,mae,12,0.15,9.148756,15.258864
0,mse,12,0.05,3.083336,11.965299
0,mse,12,0.075,3.798154,12.314379
0,mse,12,0.1,4.890165,12.981571
0,mse,12,0.15,5.573194,13.586617
0,mae,13,0.05,6.648976,13.853383
0,mae,13,0.075,7.273253,14.111444
0,mae,13,0.1,8.365346,14.625088
0,mae,13,0.15,9.148756,15.258864
0,mse,13,0.05,3.083336,11.965299
0,mse,13,0.075,3.798154,12.314379
0,mse,13,0.1,4.890165,12.981571
0,mse,13,0.15,5.573194,13.586617
0,mae,14,0.05,6.648976,13.853383
0,mae,14,0.075,7.273253,14.111444
0,mae,14,0.1,8.365346,14.625088
0,mae,14,0.15,9.148756,15.258864
0,mse,14,0.05,3.083336,11.965299
0,mse,14,0.075,3.798154,12.314379
0,mse,14,0.1,4.890165,12.981571
0,mse,14,0.15,5.573194,13.586617
0,mae,15,0.05,6.648976,13.853383
0,mae,15,0.075,7.273253,14.111444
0,mae,15,0.1,8.365346,14.625088
0,mae,15,0.15,9.148756,15.258864
0,mse,15,0.05,3.083336,11.965299
0,mse,15,0.075,3.798154,12.314379
0,mse,15,0.1,4.890165,12.981571
0,mse,15,0.15,5.573194,13.586617
0,mae,16,0.05,6.648976,13.853383
0,mae,16,0.075,7.273253,14.111444
0,mae,16,0.1,8.365346,14.625088
0,mae,16,0.15,9.148756,15.258864
0,mse,16,0.05,3.083336,11.965299
0,mse,16,0.075,3.798154,12.314379
0,mse,16,0.1,4.890165,12.981571
0,mse,16,0.15,5.573194,13.586617
0,mae,17,0.05,6.648976,13.853383
0,mae,17,0.075,7.273253,14.111444
0,mae,17,0.1,8.365346,14.625088
0,mae,17,0.15,9.148756,15.258864
0,mse,17,0.05,3.083336,11.965299
0,mse,17,0.075,3.798154,12.314379
0,mse,17,0.1,4.890165,12.981571
0,mse,17,0.15,5.573194,13.586617
0,mae,18,0.05,6.648976,13.853383
0,mae,18,0.075,7.273253,14.111444
0,mae,18,0.1,8.365346,14.625088
0,mae,18,0.15,9.148756,15.258864
0,mse,18,0.05,3.083336,11.965299
0,mse,18,0.075,3.798154,12.314379
0,mse,18,0.1,4.890165,12.981571
0,mse,18,0.15,5.573194,13.586617
0,mae,19,0.05,6.648976,13.853383
0,mae,19,0.075,7.273253,14.111444
0,mae,19,0.1,8.365346,14.625088
0,mae,19,0.15,9.148756,15.258864
0,mse,19,0.05,3.083336,11.965299
0,mse,19,0.075,3.798154,12.314379
0,mse,19,0.1,4.890165,12.981571
0,mse,19,0.15,5.573194,13.586617
0,mae,20,0.05,6.648976,13.853383
0,mae,20,0.075,7.273253,14.111444
0,mae,20,0.1,8.365346,14.625088
0,mae,20,0.15,9.148756,15.258864
0,mse,20,0.05,3.083336,11.965299
0,mse,20,0.075,3.798154,12.314379
0,mse,20,0.1,4.890165,12.981571
0,mse,20,0.15,5.573194,13.586617
0,mae,21,0.05,6.648976,13.853383
0,mae,21,0.075,7.273253,14.111444
0,mae,21,0.1,8.365346,14.625088
0,mae,21,0.15,9.148756,15.258864
0,mse,21,0.05,3.083336,11.965299
0,mse,21,0.075,3.798154,12.314379
0,mse,21,0.1,4.890165,12.981571
0,mse,21,0.15,5.573194,13.586617
0,mae,22,0.05,6.648976,13.853383
0,mae,22,0.075,7.273253,14.111444
0,mae,22,0.1,8.365346,14.625088
0,mae,22,0.15,9.148756,15.258864
0,mse,22,0.05,3.083336,11.965299
0,mse,22,0.075,3.798154,12.314379
0,mse,22,0.1,4.890165,12.981571
0,mse,22,0.15,5.573194,13.586617
0,mae,23,0.05,6.648976,13.853383
0,mae,23,0.075,7.273253,14.111444
0,mae,23,0.1,8.365346,14.625088
0,mae,23,0.15,9.148756,15.258864
0,mse,23,0.05,3.083336,11.965299
0,mse,23,0.075,3.798154,12.314379
0,mse,23,0.1,4.890165,12.981571
0,mse,23,0.15,5.573194,13.586617
1,mae,0,0.05,7.954661,15.769894
1,mae,0,0.075,10.115396,15.594524
1,mae,0,0.1,12.37961,15.523736
1,mae,0,0.15,13.039988,15.393314
1,mse,0,0.05,4.829432,16.064526
1,mse,0,0.075,6.752011,15.412933
1,mse,0,0.1,10.650555,15.267693
1,mse,0,0.15,12.991254,15.023963
1,mae,1,0.05,7.954661,15.769894
1,mae,1,0.075,10.115396,15.594524
1,mae,1,0.1,12.37961,15.523736
1,mae,1,0.15,13.039988,15.393314
1,mse,1,0.05,4.829432,16.064526
1,mse,1,0.075,6.752011,15.412933
1,mse,1,0.1,10.650555,15.267693
1,mse,1,0.15,12.991254,15.023963
1,mae,2,0.05,7.954661,15.769894
1,mae,2,0.075,10.115396,15.594524
1,mae,2,0.1,12.37961,15.523736
1,mae,2,0.15,13.039988,15.393314
1,mse,2,0.05,4.829432,16.064526
1,mse,2,0.075,6.752011,15.412933
1,mse,2,0.1,10.650555,15.267693
1,mse,2,0.15,12.991254,15.023963
1,mae,3,0.05,7.954661,15.769894
1,mae,3,0.075,10.115396,15.594524
1,mae,3,0.1,12.37961,15.523736
1,mae,3,0.15,13.039988,15.393314
1,mse,3,0.05,4.829432,16.064526
1,mse,3,0.075,6.752011,15.412933
1,mse,3,0.1,10.650555,15.267693
1,mse,3,0.15,12.991254,15.023963
1,mae,4,0.05,7.954661,15.769894
1,mae,4,0.075,10.115396,15.594524
1,mae,4,0.1,12.37961,15.523736
1,mae,4,0.15,13.039988,15.393314
1,mse,4,0.05,4.829432,16.064526
1,mse,4,0.075,6.752011,15.412933
1,mse,4,0.1,10.650555,15.267693
1,mse,4,0.15,12.991254,15.023963
1,mae,5,0.05,7.954661,15.769894
1,mae,5,0.075,10.115396,15.594524
1,mae,5,0.1,12.37961,15.523736
1,mae,5,0.15,13.039988,15.393314
1,mse,5,0.05,4.829432,16.064526
1,mse,5,0.075,6.752011,15.412933
1,mse,5,0.1,10.650555,15.267693
1,mse,5,0.15,12.991254,15.023963
1,mae,6,0.05,7.954661,15.769894
1,mae,6,0.075,10.115396,15.594524
1,mae,6,0.1,12.37961,15.523736
1,mae,6,0.15,13.039988,15.393314
1,mse,6,0.05,4.829432,16.064526
1,mse,6,0.075,6.752011,15.412933
1,mse,6,0.1,10.650555,15.267693
1,mse,6,0.15,12.991254,15.023963
1,mae,7,0.05,7.954661,15.769894
1,mae,7,0.075,10.115396,15.594524
1,mae,7,0.1,12.37961,15.523736
1,mae,7,0.15,13.039988,15.393314
1,mse,7,0.05,4.829432,16.064526
1,mse,7,0.075,6.752011,15.412933
1,mse,7,0.1,10.650555,15.267693
1,mse,7,0.15,12.991254,15.023963
1,mae,8,0.05,7.954661,15.769894
1,mae,8,0.075,10.115396,15.594524
1,mae,8,0.1,12.37961,15.523736
1,mae,8,0.15,13.039988,15.393314
1,mse,8,0.05,4.829432,16.064526
1,mse,8,0.075,6.752011,15.412933
1,mse,8,0.1,10.650555,15.267693
1,mse,8,0.15,12.991254,15.023963
1,mae,9,0.05,7.954661,15.769894
1,mae,9,0.075,10.115396,15.594524
1,mae,9,0.1,12.37961,15.523736
1,mae,9,0.15,13.039988,15.393314
1,mse,9,0.05,4.829432,16.064526
1,mse,9,0.075,6.752011,15.412933
1,mse,9,0.1,10.650555,15.267693
1,mse,9,0.15,12.991254,15.023963
1,mae,10,0.05,7.954661,15.769894
1,mae,10,0.075,10.115396,15.594524
1,mae,10,0.1,12.37961,15.523736
1,mae,10,0.15,13.039988,15.393314
1,mse,10,0.05,4.829432,16.064526
1,mse,10,0.075,6.752011,15.412933
1,mse,10,0.1,10.650555,15.267693
1,mse,10,0.15,12.991254,15.023963
1,mae,11,0.05,7.954661,15.769894
1,mae,11,0.075,10.115396,15.594524
1,mae,11,0.1,12.37961,15.523736
1,mae,11,0.15,13.039988,15.393314
1,mse,11,0.05,4.829432,16.064526
1,mse,11,0.075,6.752011,15.412933
1,mse,11,0.1,10.650555,15.267693
1,mse,11,0.15,12.991254,15.023963
1,mae,12,0.05,7.954661,15.769894
1,mae,12,0.075,10.115396,15.594524
1,mae,12,0.1,12.37961,15.523736
1,mae,12,0.15,13.039988,15.393314
1,mse,12,0.05,4.829432,16.064526
1,mse,12,0.075,6.752011,15.412933
1,mse,12,0.1,10.650555,15.267693
1,mse,12,0.15,12.991254,15.023963
1,mae,13,0.05,7.954661,15.769894
1,mae,13,0.075,10.115396,15.594524
1,mae,13,0.1,12.37961,15.523736
1,mae,13,0.15,13.039988,15.393314
1,mse,13,0.05,4.829432,16.064526
1,mse,13,0.075,6.752011,15.412933
1,mse,13,0.1,10.650555,15.267693
1,mse,13,0.15,12.991254,15.023963
1,mae,14,0.05,7.954661,15.769894
1,mae,14,0.075,10.115396,15.594524
1,mae,14,0.1,12.37961,15.523736
1,mae,14,0.15,13.039988,15.393314
1,mse,14,0.05,4.829432,16.064526
1,mse,14,0.075,6.752011,15.412933
1,mse,14,0.1,10.650555,15.267693
1,mse,14,0.15,12.991254,15.023963
1,mae,15,0.05,7.954661,15.769894
1,mae,15,0.075,10.115396,15.594524
1,mae,15,0.1,12.37961,15.523736
1,mae,15,0.15,13.039988,15.393314
1,mse,15,0.05,4.829432,16.064526
1,mse,15,0.075,6.752011,15.412933
1,mse,15,0.1,10.650555,15.267693
1,mse,15,0.15,12.991254,15.023963
1,mae,16,0.05,7.954661,15.769894
1,mae,16,0.075,10.115396,15.594524
1,mae,16,0.1,12.37961,15.523736
1,mae,16,0.15,13.039988,15.393314
1,mse,16,0.05,4.829432,16.064526
1,mse,16,0.075,6.752011,15.412933
1,mse,16,0.1,10.650555,15.267693
1,mse,16,0.15,12.991254,15.023963
1,mae,17,0.05,7.954661,15.769894
1,mae,17,0.075,10.115396,15.594524
1,mae,17,0.1,12.37961,15.523736
1,mae,17,0.15,13.039988,15.393314
1,mse,17,0.05,4.829432,16.064526
1,mse,17,0.075,6.752011,15.412933
1,mse,17,0.1,10.650555,15.267693
1,mse,17,0.15,12.991254,15.023963
1,mae,18,0.05,7.954661,15.769894
1,mae,18,0.075,10.115396,15.594524
1,mae,18,0.1,12.37961,15.523736
1,mae,18,0.15,13.039988,15.393314
1,mse,18,0.05,4.829432,16.064526
1,mse,18,0.075,6.752011,15.412933
1,mse,18,0.1,10.650555,15.267693
1,mse,18,0.15,12.991254,15.023963
1,mae,19,0.05,7.954661,15.769894
1,mae,19,0.075,10.115396,15.594524
1,mae,19,0.1,12.37961,15.523736
1,mae,19,0.15,13.039988,15.393314
1,mse,19,0.05,4.829432,16.064526
1,mse,19,0.075,6.752011,15.412933
1,mse,19,0.1,10.650555,15.267693
1,mse,19,0.15,12.991254,15.023963
1,mae,20,0.05,7.954661,15.769894
1,mae,20,0.075,10.115396,15.594524
1,mae,20,0.1,12.37961,15.523736
1,mae,20,0.15,13.039988,15.393314
1,mse,20,0.05,4.829432,16.064526
1,mse,20,0.075,6.752011,15.412933
1,mse,20,0.1,10.650555,15.267693
1,mse,20,0.15,12.991254,15.023963
1,mae,21,0.05,7.954661,15.769894
1,mae,21,0.075,10.115396,15.594524
1,mae,21,0.1,12.37961,15.523736
1,mae,21,0.15,13.039988,15.393314
1,mse,21,0.05,4.829432,16.064526
1,mse,21,0.075,6.752011,15.412933
1,mse,21,0.1,10.650555,15.267693
1,mse,21,0.15,12.991254,15.023963
1,mae,22,0.05,7.954661,15.769894
1,mae,22,0.075,10.115396,15.594524
1,mae,22,0.1,12.37961,15.523736
1,mae,22,0.15,13.039988,15.393314
1,mse,22,0.05,4.829432,16.064526
1,mse,22,0.075,6.752011,15.412933
1,mse,22,0.1,10.650555,15.267693
1,mse,22,0.15,12.991254,15.023963
1,mae,23,0.05,7.954661,15.769894
1,mae,23,0.075,10.115396,15.594524
1,mae,23,0.1,12.37961,15.523736
1,mae,23,0.15,13.039988,15.393314
1,mse,23,0.05,4.829432,16.064526
1,mse,23,0.075,6.752011,15.412933
1,mse,23,0.1,10.650555,15.267693
1,mse,23,0.15,12.991254,15.023963
2,mae,0,0.05,7.09525,13.540119
2,mae,0,0.075,7.826864,13.475859
2,mae,0,0.1,8.025606,13.294543
2,mae,0,0.15,8.866119,12.714849
2,mse,0,0.05,4.060787,12.288029
2,mse,0,0.075,4.595501,11.984236
2,mse,0,0.1,4.626569,11.771355
2,mse,0,0.15,5.329763,10.691647
2,mae,1,0.05,7.09525,13.540119
2,mae,1,0.075,7.826864,13.475859
2,mae,1,0.1,8.025606,13.294543
2,mae,1,0.15,8.866119,12.714849
2,mse,1,0.05,4.060787,12.288029
2,mse,1,0.075,4.595501,11.984236
2,mse,1,0.1,4.626569,11.771355
2,mse,1,0.15,5.329763,10.691647
2,mae,2,0.05,7.09525,13.540119
2,mae,2,0.075,7.826864,13.475859
2,mae,2,0.1,8.025606,13.294543
2,mae,2,0.15,8.866119,12.714849
2,mse,2,0.05,4.060787,12.288029
2,mse,2,0.075,4.595501,11.984236
2,mse,2,0.1,4.626569,11.771355
2,mse,2,0.15,5.329763,10.691647
2,mae,3,0.05,7.09525,13.540119
2,mae,3,0.075,7.826864,13.475859
2,mae,3,0.1,8.025606,13.294543
2,mae,3,0.15,8.866119,12.714849
2,mse,3,0.05,4.060787,12.288029
2,mse,3,0.075,4.595501,11.984236
2,mse,3,0.1,4.626569,11.771355
2,mse,3,0.15,5.329763,10.691647
2,mae,4,0.05,7.09525,13.540119
2,mae,4,0.075,7.826864,13.475859
2,mae,4,0.1,8.025606,13.294543
2,mae,4,0.15,8.866119,12.714849
2,mse,4,0.05,4.060787,12.288029
2,mse,4,0.075,4.595501,11.984236
2,mse,4,0.1,4.626569,11.771355
2,mse,4,0.15,5.329763,10.691647
2,mae,5,0.05,7.09525,13.540119
2,mae,5,0.075,7.826864,13.475859
2,mae,5,0.1,8.025606,13.294543
2,mae,5,0.15,8.866119,12.714849
2,mse,5,0.05,4.060787,12.288029
2,mse,5,0.075,4.595501,11.984236
2,mse,5,0.1,4.626569,11.771355
2,mse,5,0.15,5.329763,10.691647
2,mae,6,0.05,7.09525,13.540119
2,mae,6,0.075,7.826864,13.475859
2,mae,6,0.1,8.025606,13.294543
2,mae,6,0.15,8.866119,12.714849
2,mse,6,0.05,4.060787,12.288029
2,mse,6,0.075,4.595501,11.984236
2,mse,6,0.1,4.626569,11.771355
2,mse,6,0.15,5.329763,10.691647
2,mae,7,0.05,7.09525,13.540119
2,mae,7,0.075,7.826864,13.475859
2,mae,7,0.1,8.025606,13.294543
2,mae,7,0.15,8.866119,12.714849
2,mse,7,0.05,4.060787,12.288029
2,mse,7,0.075,4.595501,11.984236
2,mse,7,0.1,4.626569,11.771355
2,mse,7,0.15,5.329763,10.691647
2,mae,8,0.05,7.09525,13.540119
2,mae,8,0.075,7.826864,13.475859
2,mae,8,0.1,8.025606,13.294543
2,mae,8,0.15,8.866119,12.714849
2,mse,8,0.05,4.060787,12.288029
2,mse,8,0.075,4.595501,11.984236
2,mse,8,0.1,4.626569,11.771355
2,mse,8,0.15,5.329763,10.691647
2,mae,9,0.05,7.09525,13.540119
2,mae,9,0.075,7.826864,13.475859
2,mae,9,0.1,8.025606,13.294543
2,mae,9,0.15,8.866119,12.714849
2,mse,9,0.05,4.060787,12.288029
2,mse,9,0.075,4.595501,11.984236
2,mse,9,0.1,4.626569,11.771355
2,mse,9,0.15,5.329763,10.691647
2,mae,10,0.05,7.09525,13.540119
2,mae,10,0.075,7.826864,13.475859
2,mae,10,0.1,8.025606,13.294543
2,mae,10,0.15,8.866119,12.714849
2,mse,10,0.05,4.060787,12.288029
2,mse,10,0.075,4.595501,11.984236
2,mse,10,0.1,4.626569,11.771355
2,mse,10,0.15,5.329763,10.691647
2,mae,11,0.05,7.09525,13.540119
2,mae,11,0.075,7.826864,13.475859
2,mae,11,0.1,8.025606,13.294543
2,mae,11,0.15,8.866119,12.714849
2,mse,11,0.05,4.060787,12.288029
2,mse,11,0.075,4.595501,11.984236
2,mse,11,0.1,4.626569,11.771355
2,mse,11,0.15,5.329763,10.691647
2,mae,12,0.05,7.09525,13.540119
2,mae,12,0.075,7.826864,13.475859
2,mae,12,0.1,8.025606,13.294543
2,mae,12,0.15,8.866119,12.714849
2,mse,12,0.05,4.060787,12.288029
2,mse,12,0.075,4.595501,11.984236
2,mse,12,0.1,4.626569,11.771355
2,mse,12,0.15,5.329763,10.691647
2,mae,13,0.05,7.09525,13.540119
2,mae,13,0.075,7.826864,13.475859
2,mae,13,0.1,8.025606,13.294543
2,mae,13,0.15,8.866119,12.714849
2,mse,13,0.05,4.060787,12.288029
2,mse,13,0.075,4.595501,11.984236
2,mse,13,0.1,4.626569,11.771355
2,mse,13,0.15,5.329763,10.691647
2,mae,14,0.05,7.09525,13.540119
2,mae,14,0.075,7.826864,13.475859
2,mae,14,0.1,8.025606,13.294543
2,mae,14,0.15,8.866119,12.714849
2,mse,14,0.05,4.060787,12.288029
2,mse,14,0.075,4.595501,11.984236
2,mse,14,0.1,4.626569,11.771355
2,mse,14,0.15,5.329763,10.691647
2,mae,15,0.05,7.09525,13.540119
2,mae,15,0.075,7.826864,13.475859
2,mae,15,0.1,8.025606,13.294543
2,mae,15,0.15,8.866119,12.714849
2,mse,15,0.05,4.060787,12.288029
2,mse,15,0.075,4.595501,11.984236
2,mse,15,0.1,4.626569,11.771355
2,mse,15,0.15,5.329763,10.691647
2,mae,16,0.05,7.09525,13.540119
2,mae,16,0.075,7.826864,13.475859
2,mae,16,0.1,8.025606,13.294543
2,mae,16,0.15,8.866119,12.714849
2,mse,16,0.05,4.060787,12.288029
2,mse,16,0.075,4.595501,11.984236
2,mse,16,0.1,4.626569,11.771355
2,mse,16,0.15,5.329763,10.691647
2,mae,17,0.05,7.09525,13.540119
2,mae,17,0.075,7.826864,13.475859
2,mae,17,0.1,8.025606,13.294543
2,mae,17,0.15,8.866119,12.714849
2,mse,17,0.05,4.060787,12.288029
2,mse,17,0.075,4.595501,11.984236
2,mse,17,0.1,4.626569,11.771355
2,mse,17,0.15,5.329763,10.691647
2,mae,18,0.05,7.09525,13.540119
2,mae,18,0.075,7.826864,13.475859
2,mae,18,0.1,8.025606,13.294543
2,mae,18,0.15,8.866119,12.714849
2,mse,18,0.05,4.060787,12.288029
2,mse,18,0.075,4.595501,11.984236
2,mse,18,0.1,4.626569,11.771355
2,mse,18,0.15,5.329763,10.691647
2,mae,19,0.05,7.09525,13.540119
2,mae,19,0.075,7.826864,13.475859
2,mae,19,0.1,8.025606,13.294543
2,mae,19,0.15,8.866119,12.714849
2,mse,19,0.05,4.060787,12.288029
2,mse,19,0.075,4.595501,11.984236
2,mse,19,0.1,4.626569,11.771355
2,mse,19,0.15,5.329763,10.691647
2,mae,20,0.05,7.09525,13.540119
2,mae,20,0.075,7.826864,13.475859
2,mae,20,0.1,8.025606,13.294543
2,mae,20,0.15,8.866119,12.714849
2,mse,20,0.05,4.060787,12.288029
2,mse,20,0.075,4.595501,11.984236
2,mse,20,0.1,4.626569,11.771355
2,mse,20,0.15,5.329763,10.691647
2,mae,21,0.05,7.09525,13.540119
2,mae,21,0.075,7.826864,13.475859
2,mae,21,0.1,8.025606,13.294543
2,mae,21,0.15,8.866119,12.714849
2,mse,21,0.05,4.060787,12.288029
2,mse,21,0.075,4.595501,11.984236
2,mse,21,0.1,4.626569,11.771355
2,mse,21,0.15,5.329763,10.691647
2,mae,22,0.05,7.09525,13.540119
2,mae,22,0.075,7.826864,13.475859
2,mae,22,0.1,8.025606,13.294543
2,mae,22,0.15,8.866119,12.714849
2,mse,22,0.05,4.060787,12.288029
2,mse,22,0.075,4.595501,11.984236
2,mse,22,0.1,4.626569,11.771355
2,mse,22,0.15,5.329763,10.691647
2,mae,23,0.05,7.09525,13.540119
2,mae,23,0.075,7.826864,13.475859
2,mae,23,0.1,8.025606,13.294543
2,mae,23,0.15,8.866119,12.714849
2,mse,23,0.05,4.060787,12.288029
2,mse,23,0.075,4.595501,11.984236
2,mse,23,0.1,4.626569,11.771355
2,mse,23,0.15,5.329763,10.691647
3,mae,0,0.05,7.344887,15.633228
3,mae,0,0.075,7.834414,15.483574
3,mae,0,0.1,7.533031,15.319862
3,mae,0,0.15,8.720933,15.203007
3,mse,0,0.05,4.264318,15.054453
3,mse,0,0.075,4.614061,14.681809
3,mse,0,0.1,4.357045,14.393673
3,mse,0,0.15,5.933614,14.15894
3,mae,1,0.05,7.344887,15.633228
3,mae,1,0.075,7.834414,15.483574
3,mae,1,0.1,7.533031,15.319862
3,mae,1,0.15,8.720933,15.203007
3,mse,1,0.05,4.264318,15.054453
3,mse,1,0.075,4.614061,14.681809
3,mse,1,0.1,4.357045,14.393673
3,mse,1,0.15,5.933614,14.15894
3,mae,2,0.05,7.344887,15.633228
3,mae,2,0.075,7.834414,15.483574
3,mae,2,0.1,7.533031,15.319862
3,mae,2,0.15,8.720933,15.203007
3,mse,2,0.05,4.264318,15.054453
3,mse,2,0.075,4.614061,14.681809
3,mse,2,0.1,4.357045,14.393673
3,mse,2,0.15,5.933614,14.15894
3,mae,3,0.05,7.344887,15.633228
3,mae,3,0.075,7.834414,15.483574
3,mae,3,0.1,7.533031,15.319862
3,mae,3,0.15,8.720933,15.203007
3,mse,3,0.05,4.264318,15.054453
3,mse,3,0.075,4.614061,14.681809
3,mse,3,0.1,4.357045,14.393673
3,mse,3,0.15,5.933614,14.15894
3,mae,4,0.05,7.344887,15.633228
3,mae,4,0.075,7.834414,15.483574
3,mae,4,0.1,7.533031,15.319862
3,mae,4,0.15,8.720933,15.203007
3,mse,4,0.05,4.264318,15.054453
3,mse,4,0.075,4.614061,14.681809
3,mse,4,0.1,4.357045,14.393673
3,mse,4,0.15,5.933614,14.15894
3,mae,5,0.05,7.344887,15.633228
3,mae,5,0.075,7.834414,15.483574
3,mae,5,0.1,7.533031,15.319862
3,mae,5,0.15,8.720933,15.203007
3,mse,5,0.05,4.264318,15.054453
3,mse,5,0.075,4.614061,14.681809
3,mse,5,0.1,4.357045,14.393673
3,mse,5,0.15,5.933614,14.15894
3,mae,6,0.05,7.344887,15.633228
3,mae,6,0.075,7.834414,15.483574
3,mae,6,0.1,7.533031,15.319862
3,mae,6,0.15,8.720933,15.203007
3,mse,6,0.05,4.264318,15.054453
3,mse,6,0.075,4.614061,14.681809
3,mse,6,0.1,4.357045,14.393673
3,mse,6,0.15,5.933614,14.15894
3,mae,7,0.05,7.344887,15.633228
3,mae,7,0.075,7.834414,15.483574
3,mae,7,0.1,7.533031,15.319862
3,mae,7,0.15,8.720933,15.203007
3,mse,7,0.05,4.264318,15.054453
3,mse,7,0.075,4.614061,14.681809
3,mse,7,0.1,4.357045,14.393673
3,mse,7,0.15,5.933614,14.15894
3,mae,8,0.05,7.344887,15.633228
3,mae,8,0.075,7.834414,15.483574
3,mae,8,0.1,7.533031,15.319862
3,mae,8,0.15,8.720933,15.203007
3,mse,8,0.05,4.264318,15.054453
3,mse,8,0.075,4.614061,14.681809
3,mse,8,0.1,4.357045,14.393673
3,mse,8,0.15,5.933614,14.15894
3,mae,9,0.05,7.344887,15.633228
3,mae,9,0.075,7.834414,15.483574
3,mae,9,0.1,7.533031,15.319862
3,mae,9,0.15,8.720933,15.203007
3,mse,9,0.05,4.264318,15.054453
3,mse,9,0.075,4.614061,14.681809
3,mse,9,0.1,4.357045,14.393673
3,mse,9,0.15,5.933614,14.15894
3,mae,10,0.05,7.344887,15.633228
3,mae,10,0.075,7.834414,15.483574
3,mae,10,0.1,7.533031,15.319862
3,mae,10,0.15,8.720933,15.203007
3,mse,10,0.05,4.264318,15.054453
3,mse,10,0.075,4.614061,14.681809
3,mse,10,0.1,4.357045,14.393673
3,mse,10,0.15,5.933614,14.15894
3,mae,11,0.05,7.344887,15.633228
3,mae,11,0.075,7.834414,15.483574
3,mae,11,0.1,7.533031,15.319862
3,mae,11,0.15,8.720933,15.203007
3,mse,11,0.05,4.264318,15.054453
3,mse,11,0.075,4.614061,14.681809
3,mse,11,0.1,4.357045,14.393673
3,mse,11,0.15,5.933614,14.15894
3,mae,12,0.05,7.344887,15.633228
3,mae,12,0.075,7.834414,15.483574
3,mae,12,0.1,7.533031,15.319862
3,mae,12,0.15,8.720933,15.203007
3,mse,12,0.05,4.264318,15.054453
3,mse,12,0.075,4.614061,14.681809
3,mse,12,0.1,4.357045,14.393673
3,mse,12,0.15,5.933614,14.15894
3,mae,13,0.05,7.344887,15.633228
3,mae,13,0.075,7.834414,15.483574
3,mae,13,0.1,7.533031,15.319862
3,mae,13,0.15,8.720933,15.203007
3,mse,13,0.05,4.264318,15.054453
3,mse,13,0.075,4.614061,14.681809
3,mse,13,0.1,4.357045,14.393673
3,mse,13,0.15,5.933614,14.15894
3,mae,14,0.05,7.344887,15.633228
3,mae,14,0.075,7.834414,15.483574
3,mae,14,0.1,7.533031,15.319862
3,mae,14,0.15,8.720933,15.203007
3,mse,14,0.05,4.264318,15.054453
3,mse,14,0.075,4.614061,14.681809
3,mse,14,0.1,4.357045,14.393673
3,mse,14,0.15,5.933614,14.15894
3,mae,15,0.05,7.344887,15.633228
3,mae,15,0.075,7.834414,15.483574
3,mae,15,0.1,7.533031,15.319862
3,mae,15,0.15,8.720933,15.203007
3,mse,15,0.05,4.264318,15.054453
3,mse,15,0.075,4.614061,14.681809
3,mse,15,0.1,4.357045,14.393673
3,mse,15,0.15,5.933614,14.15894
3,mae,16,0.05,7.344887,15.633228
3,mae,16,0.075,7.834414,15.483574
3,mae,16,0.1,7.533031,15.319862
3,mae,16,0.15,8.720933,15.203007
3,mse,16,0.05,4.264318,15.054453
3,mse,16,0.075,4.614061,14.681809
3,mse,16,0.1,4.357045,14.393673
3,mse,16,0.15,5.933614,14.15894
3,mae,17,0.05,7.344887,15.633228
3,mae,17,0.075,7.834414,15.483574
3,mae,17,0.1,7.533031,15.319862
3,mae,17,0.15,8.720933,15.203007
3,mse,17,0.05,4.264318,15.054453
3,mse,17,0.075,4.614061,14.681809
3,mse,17,0.1,4.357045,14.393673
3,mse,17,0.15,5.933614,14.15894
3,mae,18,0.05,7.344887,15.633228
3,mae,18,0.075,7.834414,15.483574
3,mae,18,0.1,7.533031,15.319862
3,mae,18,0.15,8.720933,15.203007
3,mse,18,0.05,4.264318,15.054453
3,mse,18,0.075,4.614061,14.681809
3,mse,18,0.1,4.357045,14.393673
3,mse,18,0.15,5.933614,14.15894
3,mae,19,0.05,7.344887,15.633228
3,mae,19,0.075,7.834414,15.483574
3,mae,19,0.1,7.533031,15.319862
3,mae,19,0.15,8.720933,15.203007
3,mse,19,0.05,4.264318,15.054453
3,mse,19,0.075,4.614061,14.681809
3,mse,19,0.1,4.357045,14.393673
3,mse,19,0.15,5.933614,14.15894
3,mae,20,0.05,7.344887,15.633228
3,mae,20,0.075,7.834414,15.483574
3,mae,20,0.1,7.533031,15.319862
3,mae,20,0.15,8.720933,15.203007
3,mse,20,0.05,4.264318,15.054453
3,mse,20,0.075,4.614061,14.681809
3,mse,20,0.1,4.357045,14.393673
3,mse,20,0.15,5.933614,14.15894
3,mae,21,0.05,7.344887,15.633228
3,mae,21,0.075,7.834414,15.483574
3,mae,21,0.1,7.533031,15.319862
3,mae,21,0.15,8.720933,15.203007
3,mse,21,0.05,4.264318,15.054453
3,mse,21,0.075,4.614061,14.681809
3,mse,21,0.1,4.357045,14.393673
3,mse,21,0.15,5.933614,14.15894
3,mae,22,0.05,7.344887,15.633228
3,mae,22,0.075,7.834414,15.483574
3,mae,22,0.1,7.533031,15.319862
3,mae,22,0.15,8.720933,15.203007
3,mse,22,0.05,4.264318,15.054453
3,mse,22,0.075,4.614061,14.681809
3,mse,22,0.1,4.357045,14.393673
3,mse,22,0.15,5.933614,14.15894
3,mae,23,0.05,7.344887,15.633228
3,mae,23,0.075,7.834414,15.483574
3,mae,23,0.1,7.533031,15.319862
3,mae,23,0.15,8.720933,15.203007
3,mse,23,0.05,4.264318,15.054453
3,mse,23,0.075,4.614061,14.681809
3,mse,23,0.1,4.357045,14.393673
3,mse,23,0.15,5.933614,14.15894
4,mae,0,0.05,8.096664,18.02883
4,mae,0,0.075,9.709007,18.448608
4,mae,0,0.1,10.382808,18.34771
4,mae,0,0.15,10.803249,18.344513
4,mse,0,0.05,5.517888,20.430588
4,mse,0,0.075,7.513,21.338026
4,mse,0,0.1,7.846584,21.352362
4,mse,0,0.15,8.295506,21.44323
4,mae,1,0.05,8.096664,18.02883
4,mae,1,0.075,9.709007,18.448608
4,mae,1,0.1,10.382808,18.34771
4,mae,1,0.15,10.803249,18.344513
4,mse,1,0.05,5.517888,20.430588
4,mse,1,0.075,7.513,21.338026
4,mse,1,0.1,7.846584,21.352362
4,mse,1,0.15,8.295506,21.44323
4,mae,2,0.05,8.096664,18.02883
4,mae,2,0.075,9.709007,18.448608
4,mae,2,0.1,10.382808,18.34771
4,mae,2,0.15,10.803249,18.344513
4,mse,2,0.05,5.517888,20.430588
4,mse,2,0.075,7.513,21.338026
4,mse,2,0.1,7.846584,21.352362
4,mse,2,0.15,8.295506,21.44323
4,mae,3,0.05,8.096664,18.02883
4,mae,3,0.075,9.709007,18.448608
4,mae,3,0.1,10.382808,18.34771
4,mae,3,0.15,10.803249,18.344513
4,mse,3,0.05,5.517888,20.430588
4,mse,3,0.075,7.513,21.338026
4,mse,3,0.1,7.846584,21.352362
4,mse,3,0.15,8.295506,21.44323
4,mae,4,0.05,8.096664,18.02883
4,mae,4,0.075,9.709007,18.448608
4,mae,4,0.1,10.382808,18.34771
4,mae,4,0.15,10.803249,18.344513
4,mse,4,0.05,5.517888,20.430588
4,mse,4,0.075,7.513,21.338026
4,mse,4,0.1,7.846584,21.352362
4,mse,4,0.15,8.295506,21.44323
4,mae,5,0.05,8.096664,18.02883
4,mae,5,0.075,9.709007,18.448608
4,mae,5,0.1,10.382808,18.34771
4,mae,5,0.15,10.803249,18.344513
4,mse,5,0.05,5.517888,20.430588
4,mse,5,0.075,7.513,21.338026
4,mse,5,0.1,7.846584,21.352362
4,mse,5,0.15,8.295506,21.44323
4,mae,6,0.05,8.096664,18.02883
4,mae,6,0.075,9.709007,18.448608
4,mae,6,0.1,10.382808,18.34771
4,mae,6,0.15,10.803249,18.344513
4,mse,6,0.05,5.517888,20.430588
4,mse,6,0.075,7.513,21.338026
4,mse,6,0.1,7.846584,21.352362
4,mse,6,0.15,8.295506,21.44323
4,mae,7,0.05,8.096664,18.02883
4,mae,7,0.075,9.709007,18.448608
4,mae,7,0.1,10.382808,18.34771
4,mae,7,0.15,10.803249,18.344513
4,mse,7,0.05,5.517888,20.430588
4,mse,7,0.075,7.513,21.338026
4,mse,7,0.1,7.846584,21.352362
4,mse,7,0.15,8.295506,21.44323
4,mae,8,0.05,8.096664,18.02883
4,mae,8,0.075,9.709007,18.448608
4,mae,8,0.1,10.382808,18.34771
4,mae,8,0.15,10.803249,18.344513
4,mse,8,0.05,5.517888,20.430588
4,mse,8,0.075,7.513,21.338026
4,mse,8,0.1,7.846584,21.352362
4,mse,8,0.15,8.295506,21.44323
4,mae,9,0.05,8.096664,18.02883
4,mae,9,0.075,9.709007,18.448608
4,mae,9,0.1,10.382808,18.34771
4,mae,9,0.15,10.803249,18.344513
4,mse,9,0.05,5.517888,20.430588
4,mse,9,0.075,7.513,21.338026
4,mse,9,0.1,7.846584,21.352362
4,mse,9,0.15,8.295506,21.44323
4,mae,10,0.05,8.096664,18.02883
4,mae,10,0.075,9.709007,18.448608
4,mae,10,0.1,10.382808,18.34771
4,mae,10,0.15,10.803249,18.344513
4,mse,10,0.05,5.517888,20.430588
4,mse,10,0.075,7.513,21.338026
4,mse,10,0.1,7.846584,21.352362
4,mse,10,0.15,8.295506,21.44323
4,mae,11,0.05,8.096664,18.02883
4,mae,11,0.075,9.709007,18.448608
4,mae,11,0.1,10.382808,18.34771
4,mae,11,0.15,10.803249,18.344513
4,mse,11,0.05,5.517888,20.430588
4,mse,11,0.075,7.513,21.338026
4,mse,11,0.1,7.846584,21.352362
4,mse,11,0.15,8.295506,21.44323
4,mae,12,0.05,8.096664,18.02883
4,mae,12,0.075,9.709007,18.448608
4,mae,12,0.1,10.382808,18.34771
4,mae,12,0.15,10.803249,18.344513
4,mse,12,0.05,5.517888,20.430588
4,mse,12,0.075,7.513,21.338026
4,mse,12,0.1,7.846584,21.352362
4,mse,12,0.15,8.295506,21.44323
4,mae,13,0.05,8.096664,18.02883
4,mae,13,0.075,9.709007,18.448608
4,mae,13,0.1,10.382808,18.34771
4,mae,13,0.15,10.803249,18.344513
4,mse,13,0.05,5.517888,20.430588
4,mse,13,0.075,7.513,21.338026
4,mse,13,0.1,7.846584,21.352362
4,mse,13,0.15,8.295506,21.44323
4,mae,14,0.05,8.096664,18.02883
4,mae,14,0.075,9.709007,18.448608
4,mae,14,0.1,10.382808,18.34771
4,mae,14,0.15,10.803249,18.344513
4,mse,14,0.05,5.517888,20.430588
4,mse,14,0.075,7.513,21.338026
4,mse,14,0.1,7.846584,21.352362
4,mse,14,0.15,8.295506,21.44323
4,mae,15,0.05,8.096664,18.02883
4,mae,15,0.075,9.709007,18.448608
4,mae,15,0.1,10.382808,18.34771
4,mae,15,0.15,10.803249,18.344513
4,mse,15,0.05,5.517888,20.430588
4,mse,15,0.075,7.513,21.338026
4,mse,15,0.1,7.846584,21.352362
4,mse,15,0.15,8.295506,21.44323
4,mae,16,0.05,8.096664,18.02883
4,mae,16,0.075,9.709007,18.448608
4,mae,16,0.1,10.382808,18.34771
4,mae,16,0.15,10.803249,18.344513
4,mse,16,0.05,5.517888,20.430588
4,mse,16,0.075,7.513,21.338026
4,mse,16,0.1,7.846584,21.352362
4,mse,16,0.15,8.295506,21.44323
4,mae,17,0.05,8.096664,18.02883
4,mae,17,0.075,9.709007,18.448608
4,mae,17,0.1,10.382808,18.34771
4,mae,17,0.15,10.803249,18.344513
4,mse,17,0.05,5.517888,20.430588
4,mse,17,0.075,7.513,21.338026
4,mse,17,0.1,7.846584,21.352362
4,mse,17,0.15,8.295506,21.44323
4,mae,18,0.05,8.096664,18.02883
4,mae,18,0.075,9.709007,18.448608
4,mae,18,0.1,10.382808,18.34771
4,mae,18,0.15,10.803249,18.344513
4,mse,18,0.05,5.517888,20.430588
4,mse,18,0.075,7.513,21.338026
4,mse,18,0.1,7.846584,21.352362
4,mse,18,0.15,8.295506,21.44323
4,mae,19,0.05,8.096664,18.02883
4,mae,19,0.075,9.709007,18.448608
4,mae,19,0.1,10.382808,18.34771
4,mae,19,0.15,10.803249,18.344513
4,mse,19,0.05,5.517888,20.430588
4,mse,19,0.075,7.513,21.338026
4,mse,19,0.1,7.846584,21.352362
4,mse,19,0.15,8.295506,21.44323
4,mae,20,0.05,8.096664,18.02883
4,mae,20,0.075,9.709007,18.448608
4,mae,20,0.1,10.382808,18.34771
4,mae,20,0.15,10.803249,18.344513
4,mse,20,0.05,5.517888,20.430588
4,mse,20,0.075,7.513,21.338026
4,mse,20,0.1,7.846584,21.352362
4,mse,20,0.15,8.295506,21.44323
4,mae,21,0.05,8.096664,18.02883
4,mae,21,0.075,9.709007,18.448608
4,mae,21,0.1,10.382808,18.34771
4,mae,21,0.15,10.803249,18.344513
4,mse,21,0.05,5.517888,20.430588
4,mse,21,0.075,7.513,21.338026
4,mse,21,0.1,7.846584,21.352362
4,mse,21,0.15,8.295506,21.44323
4,mae,22,0.05,8.096664,18.02883
4,mae,22,0.075,9.709007,18.448608
4,mae,22,0.1,10.382808,18.34771
4,mae,22,0.15,10.803249,18.344513
4,mse,22,0.05,5.517888,20.430588
4,mse,22,0.075,7.513,21.338026
4,mse,22,0.1,7.846584,21.352362
4,mse,22,0.15,8.295506,21.44323
4,mae,23,0.05,8.096664,18.02883
4,mae,23,0.075,9.709007,18.448608
4,mae,23,0.1,10.382808,18.34771
4,mae,23,0.15,10.803249,18.344513
4,mse,23,0.05,5.517888,20.430588
4,mse,23,0.075,7.513,21.338026
4,mse,23,0.1,7.846584,21.352362
4,mse,23,0.15,8.295506,21.44323
5,mae,0,0.05,6.493642,22.332504
5,mae,0,0.075,7.32321,21.545477
5,mae,0,0.1,8.409046,21.350098
5,mae,0,0.15,9.287697,19.980726
5,mse,0,0.05,4.557906,28.916851
5,mse,0,0.075,5.327919,27.282421
5,mse,0,0.1,6.777196,26.785149
5,mse,0,0.15,7.008115,23.902401
5,mae,1,0.05,6.493642,22.332504
5,mae,1,0.075,7.32321,21.545477
5,mae,1,0.1,8.409046,21.350098
5,mae,1,0.15,9.287697,19.980726
5,mse,1,0.05,4.557906,28.916851
5,mse,1,0.075,5.327919,27.282421
5,mse,1,0.1,6.777196,26.785149
5,mse,1,0.15,7.008115,23.902401
5,mae,2,0.05,6.493642,22.332504
5,mae,2,0.075,7.32321,21.545477
5,mae,2,0.1,8.409046,21.350098
5,mae,2,0.15,9.287697,19.980726
5,mse,2,0.05,4.557906,28.916851
5,mse,2,0.075,5.327919,27.282421
5,mse,2,0.1,6.777196,26.785149
5,mse,2,0.15,7.008115,23.902401
5,mae,3,0.05,6.493642,22.332504
5,mae,3,0.075,7.32321,21.545477
5,mae,3,0.1,8.409046,21.350098
5,mae,3,0.15,9.287697,19.980726
5,mse,3,0.05,4.557906,28.916851
5,mse,3,0.075,5.327919,27.282421
5,mse,3,0.1,6.777196,26.785149
5,mse,3,0.15,7.008115,23.902401
5,mae,4,0.05,6.493642,22.332504
5,mae,4,0.075,7.32321,21.545477
5,mae,4,0.1,8.409046,21.350098
5,mae,4,0.15,9.287697,19.980726
5,mse,4,0.05,4.557906,28.916851
5,mse,4,0.075,5.327919,27.282421
5,mse,4,0.1,6.777196,26.785149
5,mse,4,0.15,7.008115,23.902401
5,mae,5,0.05,6.493642,22.332504
5,mae,5,0.075,7.32321,21.545477
5,mae,5,0.1,8.409046,21.350098
5,mae,5,0.15,9.287697,19.980726
5,mse,5,0.05,4.557906,28.916851
5,mse,5,0.075,5.327919,27.282421
5,mse,5,0.1,6.777196,26.785149
5,mse,5,0.15,7.008115,23.902401
5,mae,6,0.05,6.493642,22.332504
5,mae,6,0.075,7.32321,21.545477
5,mae,6,0.1,8.409046,21.350098
5,mae,6,0.15,9.287697,19.980726
5,mse,6,0.05,4.557906,28.916851
5,mse,6,0.075,5.327919,27.282421
5,mse,6,0.1,6.777196,26.785149
5,mse,6,0.15,7.008115,23.902401
5,mae,7,0.05,6.493642,22.332504
5,mae,7,0.075,7.32321,21.545477
5,mae,7,0.1,8.409046,21.350098
5,mae,7,0.15,9.287697,19.980726
5,mse,7,0.05,4.557906,28.916851
5,mse,7,0.075,5.327919,27.282421
5,mse,7,0.1,6.777196,26.785149
5,mse,7,0.15,7.008115,23.902401
5,mae,8,0.05,6.493642,22.332504
5,mae,8,0.075,7.32321,21.545477
5,mae,8,0.1,8.409046,21.350098
5,mae,8,0.15,9.287697,19.980726
5,mse,8,0.05,4.557906,28.916851
5,mse,8,0.075,5.327919,27.282421
5,mse,8,0.1,6.777196,26.785149
5,mse,8,0.15,7.008115,23.902401
5,mae,9,0.05,6.493642,22.332504
5,mae,9,0.075,7.32321,21.545477
5,mae,9,0.1,8.409046,21.350098
5,mae,9,0.15,9.287697,19.980726
5,mse,9,0.05,4.557906,28.916851
5,mse,9,0.075,5.327919,27.282421
5,mse,9,0.1,6.777196,26.785149
5,mse,9,0.15,7.008115,23.902401
5,mae,10,0.05,6.493642,22.332504
5,mae,10,0.075,7.32321,21.545477
5,mae,10,0.1,8.409046,21.350098
5,mae,10,0.15,9.287697,19.980726
5,mse,10,0.05,4.557906,28.916851
5,mse,10,0.075,5.327919,27.282421
5,mse,10,0.1,6.777196,26.785149
5,mse,10,0.15,7.008115,23.902401
5,mae,11,0.05,6.493642,22.332504
5,mae,11,0.075,7.32321,21.545477
5,mae,11,0.1,8.409046,21.350098
5,mae,11,0.15,9.287697,19.980726
5,mse,11,0.05,4.557906,28.916851
5,mse,11,0.075,5.327919,27.282421
5,mse,11,0.1,6.777196,26.785149
5,mse,11,0.15,7.008115,23.902401
5,mae,12,0.05,6.493642,22.332504
5,mae,12,0.075,7.32321,21.545477
5,mae,12,0.1,8.409046,21.350098
5,mae,12,0.15,9.287697,19.980726
5,mse,12,0.05,4.557906,28.916851
5,mse,12,0.075,5.327919,27.282421
5,mse,12,0.1,6.777196,26.785149
5,mse,12,0.15,7.008115,23.902401
5,mae,13,0.05,6.493642,22.332504
5,mae,13,0.075,7.32321,21.545477
5,mae,13,0.1,8.409046,21.350098
5,mae,13,0.15,9.287697,19.980726
5,mse,13,0.05,4.557906,28.916851
5,mse,13,0.075,5.327919,27.282421
5,mse,13,0.1,6.777196,26.785149
5,mse,13,0.15,7.008115,23.902401
5,mae,14,0.05,6.493642,22.332504
5,mae,14,0.075,7.32321,21.545477
5,mae,14,0.1,8.409046,21.350098
5,mae,14,0.15,9.287697,19.980726
5,mse,14,0.05,4.557906,28.916851
5,mse,14,0.075,5.327919,27.282421
5,mse,14,0.1,6.777196,26.785149
5,mse,14,0.15,7.008115,23.902401
5,mae,15,0.05,6.493642,22.332504
5,mae,15,0.075,7.32321,21.545477
5,mae,15,0.1,8.409046,21.350098
5,mae,15,0.15,9.287697,19.980726
5,mse,15,0.05,4.557906,28.916851
5,mse,15,0.075,5.327919,27.282421
5,mse,15,0.1,6.777196,26.785149
5,mse,15,0.15,7.008115,23.902401
5,mae,16,0.05,6.493642,22.332504
5,mae,16,0.075,7.32321,21.545477
5,mae,16,0.1,8.409046,21.350098
5,mae,16,0.15,9.287697,19.980726
5,mse,16,0.05,4.557906,28.916851
5,mse,16,0.075,5.327919,27.282421
5,mse,16,0.1,6.777196,26.785149
5,mse,16,0.15,7.008115,23.902401
5,mae,17,0.05,6.493642,22.332504
5,mae,17,0.075,7.32321,21.545477
5,mae,17,0.1,8.409046,21.350098
5,mae,17,0.15,9.287697,19.980726
5,mse,17,0.05,4.557906,28.916851
5,mse,17,0.075,5.327919,27.282421
5,mse,17,0.1,6.777196,26.785149
5,mse,17,0.15,7.008115,23.902401
5,mae,18,0.05,6.493642,22.332504
5,mae,18,0.075,7.32321,21.545477
5,mae,18,0.1,8.409046,21.350098
5,mae,18,0.15,9.287697,19.980726
5,mse,18,0.05,4.557906,28.916851
5,mse,18,0.075,5.327919,27.282421
5,mse,18,0.1,6.777196,26.785149
5,mse,18,0.15,7.008115,23.902401
5,mae,19,0.05,6.493642,22.332504
5,mae,19,0.075,7.32321,21.545477
5,mae,19,0.1,8.409046,21.350098
5,mae,19,0.15,9.287697,19.980726
5,mse,19,0.05,4.557906,28.916851
5,mse,19,0.075,5.327919,27.282421
5,mse,19,0.1,6.777196,26.785149
5,mse,19,0.15,7.008115,23.902401
5,mae,20,0.05,6.493642,22.332504
5,mae,20,0.075,7.32321,21.545477
5,mae,20,0.1,8.409046,21.350098
5,mae,20,0.15,9.287697,19.980726
5,mse,20,0.05,4.557906,28.916851
5,mse,20,0.075,5.327919,27.282421
5,mse,20,0.1,6.777196,26.785149
5,mse,20,0.15,7.008115,23.902401
5,mae,21,0.05,6.493642,22.332504
5,mae,21,0.075,7.32321,21.545477
5,mae,21,0.1,8.409046,21.350098
5,mae,21,0.15,9.287697,19.980726
5,mse,21,0.05,4.557906,28.916851
5,mse,21,0.075,5.327919,27.282421
5,mse,21,0.1,6.777196,26.785149
5,mse,21,0.15,7.008115,23.902401
5,mae,22,0.05,6.493642,22.332504
5,mae,22,0.075,7.32321,21.545477
5,mae,22,0.1,8.409046,21.350098
5,mae,22,0.15,9.287697,19.980726
5,mse,22,0.05,4.557906,28.916851
5,mse,22,0.075,5.327919,27.282421
5,mse,22,0.1,6.777196,26.785149
5,mse,22,0.15,7.008115,23.902401
5,mae,23,0.05,6.493642,22.332504
5,mae,23,0.075,7.32321,21.545477
5,mae,23,0.1,8.409046,21.350098
5,mae,23,0.15,9.287697,19.980726
5,mse,23,0.05,4.557906,28.916851
5,mse,23,0.075,5.327919,27.282421
5,mse,23,0.1,6.777196,26.785149
5,mse,23,0.15,7.008115,23.902401
6,mae,0,0.05,7.651241,14.097853
6,mae,0,0.075,8.697284,13.71937
6,mae,0,0.1,8.919705,14.134972
6,mae,0,0.15,9.968306,13.444963
6,mse,0,0.05,3.931432,13.35008
6,mse,0,0.075,4.848239,12.968723
6,mse,0,0.1,5.218062,13.46726
6,mse,0,0.15,6.92558,12.027346
6,mae,1,0.05,7.651241,14.097853
6,mae,1,0.075,8.697284,13.71937
6,mae,1,0.1,8.919705,14.134972
6,mae,1,0.15,9.968306,13.444963
6,mse,1,0.05,3.931432,13.35008
6,mse,1,0.075,4.848239,12.968723
6,mse,1,0.1,5.218062,13.46726
6,mse,1,0.15,6.92558,12.027346
6,mae,2,0.05,7.651241,14.097853
6,mae,2,0.075,8.697284,13.71937
6,mae,2,0.1,8.919705,14.134972
6,mae,2,0.15,9.968306,13.444963
6,mse,2,0.05,3.931432,13.35008
6,mse,2,0.075,4.848239,12.968723
6,mse,2,0.1,5.218062,13.46726
6,mse,2,0.15,6.92558,12.027346
6,mae,3,0.05,7.651241,14.097853
6,mae,3,0.075,8.697284,13.71937
6,mae,3,0.1,8.919705,14.134972
6,mae,3,0.15,9.968306,13.444963
6,mse,3,0.05,3.931432,13.35008
6,mse,3,0.075,4.848239,12.968723
6,mse,3,0.1,5.218062,13.46726
6,mse,3,0.15,6.92558,12.027346
6,mae,4,0.05,7.651241,14.097853
6,mae,4,0.075,8.697284,13.71937
6,mae,4,0.1,8.919705,14.134972
6,mae,4,0.15,9.968306,13.444963
6,mse,4,0.05,3.931432,13.35008
6,mse,4,0.075,4.848239,12.968723
6,mse,4,0.1,5.218062,13.46726
6,mse,4,0.15,6.92558,12.027346
6,mae,5,0.05,7.651241,14.097853
6,mae,5,0.075,8.697284,13.71937
6,mae,5,0.1,8.919705,14.134972
6,mae,5,0.15,9.968306,13.444963
6,mse,5,0.05,3.931432,13.35008
6,mse,5,0.075,4.848239,12.968723
6,mse,5,0.1,5.218062,13.46726
6,mse,5,0.15,6.92558,12.027346
6,mae,6,0.05,7.651241,14.097853
6,mae,6,0.075,8.697284,13.71937
6,mae,6,0.1,8.919705,14.134972
6,mae,6,0.15,9.968306,13.444963
6,mse,6,0.05,3.931432,13.35008
6,mse,6,0.075,4.848239,12.968723
6,mse,6,0.1,5.218062,13.46726
6,mse,6,0.15,6.92558,12.027346
6,mae,7,0.05,7.651241,14.097853
6,mae,7,0.075,8.697284,13.71937
6,mae,7,0.1,8.919705,14.134972
6,mae,7,0.15,9.968306,13.444963
6,mse,7,0.05,3.931432,13.35008
6,mse,7,0.075,4.848239,12.968723
6,mse,7,0.1,5.218062,13.46726
6,mse,7,0.15,6.92558,12.027346
6,mae,8,0.05,7.651241,14.097853
6,mae,8,0.075,8.697284,13.71937
6,mae,8,0.1,8.919705,14.134972
6,mae,8,0.15,9.968306,13.444963
6,mse,8,0.05,3.931432,13.35008
6,mse,8,0.075,4.848239,12.968723
6,mse,8,0.1,5.218062,13.46726
6,mse,8,0.15,6.92558,12.027346
6,mae,9,0.05,7.651241,14.097853
6,mae,9,0.075,8.697284,13.71937
6,mae,9,0.1,8.919705,14.134972
6,mae,9,0.15,9.968306,13.444963
6,mse,9,0.05,3.931432,13.35008
6,mse,9,0.075,4.848239,12.968723
6,mse,9,0.1,5.218062,13.46726
6,mse,9,0.15,6.92558,12.027346
6,mae,10,0.05,7.651241,14.097853
6,mae,10,0.075,8.697284,13.71937
6,mae,10,0.1,8.919705,14.134972
6,mae,10,0.15,9.968306,13.444963
6,mse,10,0.05,3.931432,13.35008
6,mse,10,0.075,4.848239,12.968723
6,mse,10,0.1,5.218062,13.46726
6,mse,10,0.15,6.92558,12.027346
6,mae,11,0.05,7.651241,14.097853
6,mae,11,0.075,8.697284,13.71937
6,mae,11,0.1,8.919705,14.134972
6,mae,11,0.15,9.968306,13.444963
6,mse,11,0.05,3.931432,13.35008
6,mse,11,0.075,4.848239,12.968723
6,mse,11,0.1,5.218062,13.46726
6,mse,11,0.15,6.92558,12.027346
6,mae,12,0.05,7.651241,14.097853
6,mae,12,0.075,8.697284,13.71937
6,mae,12,0.1,8.919705,14.134972
6,mae,12,0.15,9.968306,13.444963
6,mse,12,0.05,3.931432,13.35008
6,mse,12,0.075,4.848239,12.968723
6,mse,12,0.1,5.218062,13.46726
6,mse,12,0.15,6.92558,12.027346
6,mae,13,0.05,7.651241,14.097853
6,mae,13,0.075,8.697284,13.71937
6,mae,13,0.1,8.919705,14.134972
6,mae,13,0.15,9.968306,13.444963
6,mse,13,0.05,3.931432,13.35008
6,mse,13,0.075,4.848239,12.968723
6,mse,13,0.1,5.218062,13.46726
6,mse,13,0.15,6.92558,12.027346
6,mae,14,0.05,7.651241,14.097853
6,mae,14,0.075,8.697284,13.71937
6,mae,14,0.1,8.919705,14.134972
6,mae,14,0.15,9.968306,13.444963
6,mse,14,0.05,3.931432,13.35008
6,mse,14,0.075,4.848239,12.968723
6,mse,14,0.1,5.218062,13.46726
6,mse,14,0.15,6.92558,12.027346
6,mae,15,0.05,7.651241,14.097853
6,mae,15,0.075,8.697284,13.71937
6,mae,15,0.1,8.919705,14.134972
6,mae,15,0.15,9.968306,13.444963
6,mse,15,0.05,3.931432,13.35008
6,mse,15,0.075,4.848239,12.968723
6,mse,15,0.1,5.218062,13.46726
6,mse,15,0.15,6.92558,12.027346
6,mae,16,0.05,7.651241,14.097853
6,mae,16,0.075,8.697284,13.71937
6,mae,16,0.1,8.919705,14.134972
6,mae,16,0.15,9.968306,13.444963
6,mse,16,0.05,3.931432,13.35008
6,mse,16,0.075,4.848239,12.968723
6,mse,16,0.1,5.218062,13.46726
6,mse,16,0.15,6.92558,12.027346
6,mae,17,0.05,7.651241,14.097853
6,mae,17,0.075,8.697284,13.71937
6,mae,17,0.1,8.919705,14.134972
6,mae,17,0.15,9.968306,13.444963
6,mse,17,0.05,3.931432,13.35008
6,mse,17,0.075,4.848239,12.968723
6,mse,17,0.1,5.218062,13.46726
6,mse,17,0.15,6.92558,12.027346
6,mae,18,0.05,7.651241,14.097853
6,mae,18,0.075,8.697284,13.71937
6,mae,18,0.1,8.919705,14.134972
6,mae,18,0.15,9.968306,13.444963
6,mse,18,0.05,3.931432,13.35008
6,mse,18,0.075,4.848239,12.968723
6,mse,18,0.1,5.218062,13.46726
6,mse,18,0.15,6.92558,12.027346
6,mae,19,0.05,7.651241,14.097853
6,mae,19,0.075,8.697284,13.71937
6,mae,19,0.1,8.919705,14.134972
6,mae,19,0.15,9.968306,13.444963
6,mse,19,0.05,3.931432,13.35008
6,mse,19,0.075,4.848239,12.968723
6,mse,19,0.1,5.218062,13.46726
6,mse,19,0.15,6.92558,12.027346
6,mae,20,0.05,7.651241,14.097853
6,mae,20,0.075,8.697284,13.71937
6,mae,20,0.1,8.919705,14.134972
6,mae,20,0.15,9.968306,13.444963
6,mse,20,0.05,3.931432,13.35008
6,mse,20,0.075,4.848239,12.968723
6,mse,20,0.1,5.218062,13.46726
6,mse,20,0.15,6.92558,12.027346
6,mae,21,0.05,7.651241,14.097853
6,mae,21,0.075,8.697284,13.71937
6,mae,21,0.1,8.919705,14.134972
6,mae,21,0.15,9.968306,13.444963
6,mse,21,0.05,3.931432,13.35008
6,mse,21,0.075,4.848239,12.968723
6,mse,21,0.1,5.218062,13.46726
6,mse,21,0.15,6.92558,12.027346
6,mae,22,0.05,7.651241,14.097853
6,mae,22,0.075,8.697284,13.71937
6,mae,22,0.1,8.919705,14.134972
6,mae,22,0.15,9.968306,13.444963
6,mse,22,0.05,3.931432,13.35008
6,mse,22,0.075,4.848239,12.968723
6,mse,22,0.1,5.218062,13.46726
6,mse,22,0.15,6.92558,12.027346
6,mae,23,0.05,7.651241,14.097853
6,mae,23,0.075,8.697284,13.71937
6,mae,23,0.1,8.919705,14.134972
6,mae,23,0.15,9.968306,13.444963
6,mse,23,0.05,3.931432,13.35008
6,mse,23,0.075,4.848239,12.968723
6,mse,23,0.1,5.218062,13.46726
6,mse,23,0.15,6.92558,12.027346
7,mae,0,0.05,11.593109,13.927787
7,mae,0,0.075,16.362038,13.064928
7,mae,0,0.1,17.823296,12.951401
7,mae,0,0.15,21.833164,12.246187
7,mse,0,0.05,8.9231,12.354956
7,mse,0,0.075,15.959715,10.89633
7,mse,0,0.1,18.376606,10.742607
7,mse,0,0.15,25.634443,9.343602
7,mae,1,0.05,11.593109,13.927787
7,mae,1,0.075,16.362038,13.064928
7,mae,1,0.1,17.823296,12.951401
7,mae,1,0.15,21.833164,12.246187
7,mse,1,0.05,8.9231,12.354956
7,mse,1,0.075,15.959715,10.89633
7,mse,1,0.1,18.376606,10.742607
7,mse,1,0.15,25.634443,9.343602
7,mae,2,0.05,11.593109,13.927787
7,mae,2,0.075,16.362038,13.064928
7,mae,2,0.1,17.823296,12.951401
7,mae,2,0.15,21.833164,12.246187
7,mse,2,0.05,8.9231,12.354956
7,mse,2,0.075,15.959715,10.89633
7,mse,2,0.1,18.376606,10.742607
7,mse,2,0.15,25.634443,9.343602
7,mae,3,0.05,11.593109,13.927787
7,mae,3,0.075,16.362038,13.064928
7,mae,3,0.1,17.823296,12.951401
7,mae,3,0.15,21.833164,12.246187
7,mse,3,0.05,8.9231,12.354956
7,mse,3,0.075,15.959715,10.89633
7,mse,3,0.1,18.376606,10.742607
7,mse,3,0.15,25.634443,9.343602
7,mae,4,0.05,11.593109,13.927787
7,mae,4,0.075,16.362038,13.064928
7,mae,4,0.1,17.823296,12.951401
7,mae,4,0.15,21.833164,12.246187
7,mse,4,0.05,8.9231,12.354956
7,mse,4,0.075,15.959715,10.89633
7,mse,4,0.1,18.376606,10.742607
7,mse,4,0.15,25.634443,9.343602
7,mae,5,0.05,11.593109,13.927787
7,mae,5,0.075,16.362038,13.064928
7,mae,5,0.1,17.823296,12.951401
7,mae,5,0.15,21.833164,12.246187
7,mse,5,0.05,8.9231,12.354956
7,mse,5,0.075,15.959715,10.89633
7,mse,5,0.1,18.376606,10.742607
7,mse,5,0.15,25.634443,9.343602
7,mae,6,0.05,11.593109,13.927787
7,mae,6,0.075,16.362038,13.064928
7,mae,6,0.1,17.823296,12.951401
7,mae,6,0.15,21.833164,12.246187
7,mse,6,0.05,8.9231,12.354956
7,mse,6,0.075,15.959715,10.89633
7,mse,6,0.1,18.376606,10.742607
7,mse,6,0.15,25.634443,9.343602
7,mae,7,0.05,11.593109,13.927787
7,mae,7,0.075,16.362038,13.064928
7,mae,7,0.1,17.823296,12.951401
7,mae,7,0.15,21.833164,12.246187
7,mse,7,0.05,8.9231,12.354956
7,mse,7,0.075,15.959715,10.89633
7,mse,7,0.1,18.376606,10.742607
7,mse,7,0.15,25.634443,9.343602
7,mae,8,0.05,11.593109,13.927787
7,mae,8,0.075,16.362038,13.064928
7,mae,8,0.1,17.823296,12.951401
7,mae,8,0.15,21.833164,12.246187
7,mse,8,0.05,8.9231,12.354956
7,mse,8,0.075,15.959715,10.89633
7,mse,8,0.1,18.376606,10.742607
7,mse,8,0.15,25.634443,9.343602
7,mae,9,0.05,11.593109,13.927787
7,mae,9,0.075,16.362038,13.064928
7,mae,9,0.1,17.823296,12.951401
7,mae,9,0.15,21.833164,12.246187
7,mse,9,0.05,8.9231,12.354956
7,mse,9,0.075,15.959715,10.89633
7,mse,9,0.1,18.376606,10.742607
7,mse,9,0.15,25.634443,9.343602
7,mae,10,0.05,11.593109,13.927787
7,mae,10,0.075,16.362038,13.064928
7,mae,10,0.1,17.823296,12.951401
7,mae,10,0.15,21.833164,12.246187
7,mse,10,0.05,8.9231,12.354956
7,mse,10,0.075,15.959715,10.89633
7,mse,10,0.1,18.376606,10.742607
7,mse,10,0.15,25.634443,9.343602
7,mae,11,0.05,11.593109,13.927787
7,mae,11,0.075,16.362038,13.064928
7,mae,11,0.1,17.823296,12.951401
7,mae,11,0.15,21.833164,12.246187
7,mse,11,0.05,8.9231,12.354956
7,mse,11,0.075,15.959715,10.89633
7,mse,11,0.1,18.376606,10.742607
7,mse,11,0.15,25.634443,9.343602
7,mae,12,0.05,11.593109,13.927787
7,mae,12,0.075,16.362038,13.064928
7,mae,12,0.1,17.823296,12.951401
7,mae,12,0.15,21.833164,12.246187
7,mse,12,0.05,8.9231,12.354956
7,mse,12,0.075,15.959715,10.89633
7,mse,12,0.1,18.376606,10.742607
7,mse,12,0.15,25.634443,9.343602
7,mae,13,0.05,11.593109,13.927787
7,mae,13,0.075,16.362038,13.064928
7,mae,13,0.1,17.823296,12.951401
7,mae,13,0.15,21.833164,12.246187
7,mse,13,0.05,8.9231,12.354956
7,mse,13,0.075,15.959715,10.89633
7,mse,13,0.1,18.376606,10.742607
7,mse,13,0.15,25.634443,9.343602
7,mae,14,0.05,11.593109,13.927787
7,mae,14,0.075,16.362038,13.064928
7,mae,14,0.1,17.823296,12.951401
7,mae,14,0.15,21.833164,12.246187
7,mse,14,0.05,8.9231,12.354956
7,mse,14,0.075,15.959715,10.89633
7,mse,14,0.1,18.376606,10.742607
7,mse,14,0.15,25.634443,9.343602
7,mae,15,0.05,11.593109,13.927787
7,mae,15,0.075,16.362038,13.064928
7,mae,15,0.1,17.823296,12.951401
7,mae,15,0.15,21.833164,12.246187
7,mse,15,0.05,8.9231,12.354956
7,mse,15,0.075,15.959715,10.89633
7,mse,15,0.1,18.376606,10.742607
7,mse,15,0.15,25.634443,9.343602
7,mae,16,0.05,11.593109,13.927787
7,mae,16,0.075,16.362038,13.064928
7,mae,16,0.1,17.823296,12.951401
7,mae,16,0.15,21.833164,12.246187
7,mse,16,0.05,8.9231,12.354956
7,mse,16,0.075,15.959715,10.89633
7,mse,16,0.1,18.376606,10.742607
7,mse,16,0.15,25.634443,9.343602
7,mae,17,0.05,11.593109,13.927787
7,mae,17,0.075,16.362038,13.064928
7,mae,17,0.1,17.823296,12.951401
7,mae,17,0.15,21.833164,12.246187
7,mse,17,0.05,8.9231,12.354956
7,mse,17,0.075,15.959715,10.89633
7,mse,17,0.1,18.376606,10.742607
7,mse,17,0.15,25.634443,9.343602
7,mae,18,0.05,11.593109,13.927787
7,mae,18,0.075,16.362038,13.064928
7,mae,18,0.1,17.823296,12.951401
7,mae,18,0.15,21.833164,12.246187
7,mse,18,0.05,8.9231,12.354956
7,mse,18,0.075,15.959715,10.89633
7,mse,18,0.1,18.376606,10.742607
7,mse,18,0.15,25.634443,9.343602
7,mae,19,0.05,11.593109,13.927787
7,mae,19,0.075,16.362038,13.064928
7,mae,19,0.1,17.823296,12.951401
7,mae,19,0.15,21.833164,12.246187
7,mse,19,0.05,8.9231,12.354956
7,mse,19,0.075,15.959715,10.89633
7,mse,19,0.1,18.376606,10.742607
7,mse,19,0.15,25.634443,9.343602
7,mae,20,0.05,11.593109,13.927787
7,mae,20,0.075,16.362038,13.064928
7,mae,20,0.1,17.823296,12.951401
7,mae,20,0.15,21.833164,12.246187
7,mse,20,0.05,8.9231,12.354956
7,mse,20,0.075,15.959715,10.89633
7,mse,20,0.1,18.376606,10.742607
7,mse,20,0.15,25.634443,9.343602
7,mae,21,0.05,11.593109,13.927787
7,mae,21,0.075,16.362038,13.064928
7,mae,21,0.1,17.823296,12.951401
7,mae,21,0.15,21.833164,12.246187
7,mse,21,0.05,8.9231,12.354956
7,mse,21,0.075,15.959715,10.89633
7,mse,21,0.1,18.376606,10.742607
7,mse,21,0.15,25.634443,9.343602
7,mae,22,0.05,11.593109,13.927787
7,mae,22,0.075,16.362038,13.064928
7,mae,22,0.1,17.823296,12.951401
7,mae,22,0.15,21.833164,12.246187
7,mse,22,0.05,8.9231,12.354956
7,mse,22,0.075,15.959715,10.89633
7,mse,22,0.1,18.376606,10.742607
7,mse,22,0.15,25.634443,9.343602
7,mae,23,0.05,11.593109,13.927787
7,mae,23,0.075,16.362038,13.064928
7,mae,23,0.1,17.823296,12.951401
7,mae,23,0.15,21.833164,12.246187
7,mse,23,0.05,8.9231,12.354956
7,mse,23,0.075,15.959715,10.89633
7,mse,23,0.1,18.376606,10.742607
7,mse,23,0.15,25.634443,9.343602
8,mae,0,0.05,7.455182,13.797559
8,mae,0,0.075,8.111055,13.600081
8,mae,0,0.1,8.177379,13.108763
8,mae,0,0.15,9.248395,13.142505
8,mse,0,0.05,4.19533,12.244444
8,mse,0,0.075,4.614756,12.083433
8,mse,0,0.1,4.965906,11.410367
8,mse,0,0.15,6.477873,11.23138
8,mae,1,0.05,7.455182,13.797559
8,mae,1,0.075,8.111055,13.600081
8,mae,1,0.1,8.177379,13.108763
8,mae,1,0.15,9.248395,13.142505
8,mse,1,0.05,4.19533,12.244444
8,mse,1,0.075,4.614756,12.083433
8,mse,1,0.1,4.965906,11.410367
8,mse,1,0.15,6.477873,11.23138
8,mae,2,0.05,7.455182,13.797559
8,mae,2,0.075,8.111055,13.600081
8,mae,2,0.1,8.177379,13.108763
8,mae,2,0.15,9.248395,13.142505
8,mse,2,0.05,4.19533,12.244444
8,mse,2,0.075,4.614756,12.083433
8,mse,2,0.1,4.965906,11.410367
8,mse,2,0.15,6.477873,11.23138
8,mae,3,0.05,7.455182,13.797559
8,mae,3,0.075,8.111055,13.600081
8,mae,3,0.1,8.177379,13.108763
8,mae,3,0.15,9.248395,13.142505
8,mse,3,0.05,4.19533,12.244444
8,mse,3,0.075,4.614756,12.083433
8,mse,3,0.1,4.965906,11.410367
8,mse,3,0.15,6.477873,11.23138
8,mae,4,0.05,7.455182,13.797559
8,mae,4,0.075,8.111055,13.600081
8,mae,4,0.1,8.177379,13.108763
8,mae,4,0.15,9.248395,13.142505
8,mse,4,0.05,4.19533,12.244444
8,mse,4,0.075,4.614756,12.083433
8,mse,4,0.1,4.965906,11.410367
8,mse,4,0.15,6.477873,11.23138
8,mae,5,0.05,7.455182,13.797559
8,mae,5,0.075,8.111055,13.600081
8,mae,5,0.1,8.177379,13.108763
8,mae,5,0.15,9.248395,13.142505
8,mse,5,0.05,4.19533,12.244444
8,mse,5,0.075,4.614756,12.083433
8,mse,5,0.1,4.965906,11.410367
8,mse,5,0.15,6.477873,11.23138
8,mae,6,0.05,7.455182,13.797559
8,mae,6,0.075,8.111055,13.600081
8,mae,6,0.1,8.177379,13.108763
8,mae,6,0.15,9.248395,13.142505
8,mse,6,0.05,4.19533,12.244444
8,mse,6,0.075,4.614756,12.083433
8,mse,6,0.1,4.965906,11.410367
8,mse,6,0.15,6.477873,11.23138
8,mae,7,0.05,7.455182,13.797559
8,mae,7,0.075,8.111055,13.600081
8,mae,7,0.1,8.177379,13.108763
8,mae,7,0.15,9.248395,13.142505
8,mse,7,0.05,4.19533,12.244444
8,mse,7,0.075,4.614756,12.083433
8,mse,7,0.1,4.965906,11.410367
8,mse,7,0.15,6.477873,11.23138
8,mae,8,0.05,7.455182,13.797559
8,mae,8,0.075,8.111055,13.600081
8,mae,8,0.1,8.177379,13.108763
8,mae,8,0.15,9.248395,13.142505
8,mse,8,0.05,4.19533,12.244444
8,mse,8,0.075,4.614756,12.083433
8,mse,8,0.1,4.965906,11.410367
8,mse,8,0.15,6.477873,11.23138
8,mae,9,0.05,7.455182,13.797559
8,mae,9,0.075,8.111055,13.600081
8,mae,9,0.1,8.177379,13.108763
8,mae,9,0.15,9.248395,13.142505
8,mse,9,0.05,4.19533,12.244444
8,mse,9,0.075,4.614756,12.083433
8,mse,9,0.1,4.965906,11.410367
8,mse,9,0.15,6.477873,11.23138
8,mae,10,0.05,7.455182,13.797559
8,mae,10,0.075,8.111055,13.600081
8,mae,10,0.1,8.177379,13.108763
8,mae,10,0.15,9.248395,13.142505
8,mse,10,0.05,4.19533,12.244444
8,mse,10,0.075,4.614756,12.083433
8,mse,10,0.1,4.965906,11.410367
8,mse,10,0.15,6.477873,11.23138
8,mae,11,0.05,7.455182,13.797559
8,mae,11,0.075,8.111055,13.600081
8,mae,11,0.1,8.177379,13.108763
8,mae,11,0.15,9.248395,13.142505
8,mse,11,0.05,4.19533,12.244444
8,mse,11,0.075,4.614756,12.083433
8,mse,11,0.1,4.965906,11.410367
8,mse,11,0.15,6.477873,11.23138
8,mae,12,0.05,7.455182,13.797559
8,mae,12,0.075,8.111055,13.600081
8,mae,12,0.1,8.177379,13.108763
8,mae,12,0.15,9.248395,13.142505
8,mse,12,0.05,4.19533,12.244444
8,mse,12,0.075,4.614756,12.083433
8,mse,12,0.1,4.965906,11.410367
8,mse,12,0.15,6.477873,11.23138
8,mae,13,0.05,7.455182,13.797559
8,mae,13,0.075,8.111055,13.600081
8,mae,13,0.1,8.177379,13.108763
8,mae,13,0.15,9.248395,13.142505
8,mse,13,0.05,4.19533,12.244444
8,mse,13,0.075,4.614756,12.083433
8,mse,13,0.1,4.965906,11.410367
8,mse,13,0.15,6.477873,11.23138
8,mae,14,0.05,7.455182,13.797559
8,mae,14,0.075,8.111055,13.600081
8,mae,14,0.1,8.177379,13.108763
8,mae,14,0.15,9.248395,13.142505
8,mse,14,0.05,4.19533,12.244444
8,mse,14,0.075,4.614756,12.083433
8,mse,14,0.1,4.965906,11.410367
8,mse,14,0.15,6.477873,11.23138
8,mae,15,0.05,7.455182,13.797559
8,mae,15,0.075,8.111055,13.600081
8,mae,15,0.1,8.177379,13.108763
8,mae,15,0.15,9.248395,13.142505
8,mse,15,0.05,4.19533,12.244444
8,mse,15,0.075,4.614756,12.083433
8,mse,15,0.1,4.965906,11.410367
8,mse,15,0.15,6.477873,11.23138
8,mae,16,0.05,7.455182,13.797559
8,mae,16,0.075,8.111055,13.600081
8,mae,16,0.1,8.177379,13.108763
8,mae,16,0.15,9.248395,13.142505
8,mse,16,0.05,4.19533,12.244444
8,mse,16,0.075,4.614756,12.083433
8,mse,16,0.1,4.965906,11.410367
8,mse,16,0.15,6.477873,11.23138
8,mae,17,0.05,7.455182,13.797559
8,mae,17,0.075,8.111055,13.600081
8,mae,17,0.1,8.177379,13.108763
8,mae,17,0.15,9.248395,13.142505
8,mse,17,0.05,4.19533,12.244444
8,mse,17,0.075,4.614756,12.083433
8,mse,17,0.1,4.965906,11.410367
8,mse,17,0.15,6.477873,11.23138
8,mae,18,0.05,7.455182,13.797559
8,mae,18,0.075,8.111055,13.600081
8,mae,18,0.1,8.177379,13.108763
8,mae,18,0.15,9.248395,13.142505
8,mse,18,0.05,4.19533,12.244444
8,mse,18,0.075,4.614756,12.083433
8,mse,18,0.1,4.965906,11.410367
8,mse,18,0.15,6.477873,11.23138
8,mae,19,0.05,7.455182,13.797559
8,mae,19,0.075,8.111055,13.600081
8,mae,19,0.1,8.177379,13.108763
8,mae,19,0.15,9.248395,13.142505
8,mse,19,0.05,4.19533,12.244444
8,mse,19,0.075,4.614756,12.083433
8,mse,19,0.1,4.965906,11.410367
8,mse,19,0.15,6.477873,11.23138
8,mae,20,0.05,7.455182,13.797559
8,mae,20,0.075,8.111055,13.600081
8,mae,20,0.1,8.177379,13.108763
8,mae,20,0.15,9.248395,13.142505
8,mse,20,0.05,4.19533,12.244444
8,mse,20,0.075,4.614756,12.083433
8,mse,20,0.1,4.965906,11.410367
8,mse,20,0.15,6.477873,11.23138
8,mae,21,0.05,7.455182,13.797559
8,mae,21,0.075,8.111055,13.600081
8,mae,21,0.1,8.177379,13.108763
8,mae,21,0.15,9.248395,13.142505
8,mse,21,0.05,4.19533,12.244444
8,mse,21,0.075,4.614756,12.083433
8,mse,21,0.1,4.965906,11.410367
8,mse,21,0.15,6.477873,11.23138
8,mae,22,0.05,7.455182,13.797559
8,mae,22,0.075,8.111055,13.600081
8,mae,22,0.1,8.177379,13.108763
8,mae,22,0.15,9.248395,13.142505
8,mse,22,0.05,4.19533,12.244444
8,mse,22,0.075,4.614756,12.083433
8,mse,22,0.1,4.965906,11.410367
8,mse,22,0.15,6.477873,11.23138
8,mae,23,0.05,7.455182,13.797559
8,mae,23,0.075,8.111055,13.600081
8,mae,23,0.1,8.177379,13.108763
8,mae,23,0.15,9.248395,13.142505
8,mse,23,0.05,4.19533,12.244444
8,mse,23,0.075,4.614756,12.083433
8,mse,23,0.1,4.965906,11.410367
8,mse,23,0.15,6.477873,11.23138
9,mae,0,0.05,11.995895,16.686392
9,mae,0,0.075,11.931014,16.393097
9,mae,0,0.1,13.415749,16.406834
9,mae,0,0.15,13.016685,16.459961
9,mse,0,0.05,10.725739,17.772013
9,mse,0,0.075,10.856442,17.571213
9,mse,0,0.1,12.800914,17.431862
9,mse,0,0.15,11.792784,17.699879
9,mae,1,0.05,11.995895,16.686392
9,mae,1,0.075,11.931014,16.393097
9,mae,1,0.1,13.415749,16.406834
9,mae,1,0.15,13.016685,16.459961
9,mse,1,0.05,10.725739,17.772013
9,mse,1,0.075,10.856442,17.571213
9,mse,1,0.1,12.800914,17.431862
9,mse,1,0.15,11.792784,17.699879
9,mae,2,0.05,11.995895,16.686392
9,mae,2,0.075,11.931014,16.393097
9,mae,2,0.1,13.415749,16.406834
9,mae,2,0.15,13.016685,16.459961
9,mse,2,0.05,10.725739,17.772013
9,mse,2,0.075,10.856442,17.571213
9,mse,2,0.1,12.800914,17.431862
9,mse,2,0.15,11.792784,17.699879
9,mae,3,0.05,11.995895,16.686392
9,mae,3,0.075,11.931014,16.393097
9,mae,3,0.1,13.415749,16.406834
9,mae,3,0.15,13.016685,16.459961
9,mse,3,0.05,10.725739,17.772013
9,mse,3,0.075,10.856442,17.571213
9,mse,3,0.1,12.800914,17.431862
9,mse,3,0.15,11.792784,17.699879
9,mae,4,0.05,11.995895,16.686392
9,mae,4,0.075,11.931014,16.393097
9,mae,4,0.1,13.415749,16.406834
9,mae,4,0.15,13.016685,16.459961
9,mse,4,0.05,10.725739,17.772013
9,mse,4,0.075,10.856442,17.571213
9,mse,4,0.1,12.800914,17.431862
9,mse,4,0.15,11.792784,17.699879
9,mae,5,0.05,11.995895,16.686392
9,mae,5,0.075,11.931014,16.393097
9,mae,5,0.1,13.415749,16.406834
9,mae,5,0.15,13.016685,16.459961
9,mse,5,0.05,10.725739,17.772013
9,mse,5,0.075,10.856442,17.571213
9,mse,5,0.1,12.800914,17.431862
9,mse,5,0.15,11.792784,17.699879
9,mae,6,0.05,11.995895,16.686392
9,mae,6,0.075,11.931014,16.393097
9,mae,6,0.1,13.415749,16.406834
9,mae,6,0.15,13.016685,16.459961
9,mse,6,0.05,10.725739,17.772013
9,mse,6,0.075,10.856442,17.571213
9,mse,6,0.1,12.800914,17.431862
9,mse,6,0.15,11.792784,17.699879
9,mae,7,0.05,11.995895,16.686392
9,mae,7,0.075,11.931014,16.393097
9,mae,7,0.1,13.415749,16.406834
9,mae,7,0.15,13.016685,16.459961
9,mse,7,0.05,10.725739,17.772013
9,mse,7,0.075,10.856442,17.571213
9,mse,7,0.1,12.800914,17.431862
9,mse,7,0.15,11.792784,17.699879
9,mae,8,0.05,11.995895,16.686392
9,mae,8,0.075,11.931014,16.393097
9,mae,8,0.1,13.415749,16.406834
9,mae,8,0.15,13.016685,16.459961
9,mse,8,0.05,10.725739,17.772013
9,mse,8,0.075,10.856442,17.571213
9,mse,8,0.1,12.800914,17.431862
9,mse,8,0.15,11.792784,17.699879
9,mae,9,0.05,11.995895,16.686392
9,mae,9,0.075,11.931014,16.393097
9,mae,9,0.1,13.415749,16.406834
9,mae,9,0.15,13.016685,16.459961
9,mse,9,0.05,10.725739,17.772013
9,mse,9,0.075,10.856442,17.571213
9,mse,9,0.1,12.800914,17.431862
9,mse,9,0.15,11.792784,17.699879
9,mae,10,0.05,11.995895,16.686392
9,mae,10,0.075,11.931014,16.393097
9,mae,10,0.1,13.415749,16.406834
9,mae,10,0.15,13.016685,16.459961
9,mse,10,0.05,10.725739,17.772013
9,mse,10,0.075,10.856442,17.571213
9,mse,10,0.1,12.800914,17.431862
9,mse,10,0.15,11.792784,17.699879
9,mae,11,0.05,11.995895,16.686392
9,mae,11,0.075,11.931014,16.393097
9,mae,11,0.1,13.415749,16.406834
9,mae,11,0.15,13.016685,16.459961
9,mse,11,0.05,10.725739,17.772013
9,mse,11,0.075,10.856442,17.571213
9,mse,11,0.1,12.800914,17.431862
9,mse,11,0.15,11.792784,17.699879
9,mae,12,0.05,11.995895,16.686392
9,mae,12,0.075,11.931014,16.393097
9,mae,12,0.1,13.415749,16.406834
9,mae,12,0.15,13.016685,16.459961
9,mse,12,0.05,10.725739,17.772013
9,mse,12,0.075,10.856442,17.571213
9,mse,12,0.1,12.800914,17.431862
9,mse,12,0.15,11.792784,17.699879
9,mae,13,0.05,11.995895,16.686392
9,mae,13,0.075,11.931014,16.393097
9,mae,13,0.1,13.415749,16.406834
9,mae,13,0.15,13.016685,16.459961
9,mse,13,0.05,10.725739,17.772013
9,mse,13,0.075,10.856442,17.571213
9,mse,13,0.1,12.800914,17.431862
9,mse,13,0.15,11.792784,17.699879
9,mae,14,0.05,11.995895,16.686392
9,mae,14,0.075,11.931014,16.393097
9,mae,14,0.1,13.415749,16.406834
9,mae,14,0.15,13.016685,16.459961
9,mse,14,0.05,10.725739,17.772013
9,mse,14,0.075,10.856442,17.571213
9,mse,14,0.1,12.800914,17.431862
9,mse,14,0.15,11.792784,17.699879
9,mae,15,0.05,11.995895,16.686392
9,mae,15,0.075,11.931014,16.393097
9,mae,15,0.1,13.415749,16.406834
9,mae,15,0.15,13.016685,16.459961
9,mse,15,0.05,10.725739,17.772013
9,mse,15,0.075,10.856442,17.571213
9,mse,15,0.1,12.800914,17.431862
9,mse,15,0.15,11.792784,17.699879
9,mae,16,0.05,11.995895,16.686392
9,mae,16,0.075,11.931014,16.393097
9,mae,16,0.1,13.415749,16.406834
9,mae,16,0.15,13.016685,16.459961
9,mse,16,0.05,10.725739,17.772013
9,mse,16,0.075,10.856442,17.571213
9,mse,16,0.1,12.800914,17.431862
9,mse,16,0.15,11.792784,17.699879
9,mae,17,0.05,11.995895,16.686392
9,mae,17,0.075,11.931014,16.393097
9,mae,17,0.1,13.415749,16.406834
9,mae,17,0.15,13.016685,16.459961
9,mse,17,0.05,10.725739,17.772013
9,mse,17,0.075,10.856442,17.571213
9,mse,17,0.1,12.800914,17.431862
9,mse,17,0.15,11.792784,17.699879
9,mae,18,0.05,11.995895,16.686392
9,mae,18,0.075,11.931014,16.393097
9,mae,18,0.1,13.415749,16.406834
9,mae,18,0.15,13.016685,16.459961
9,mse,18,0.05,10.725739,17.772013
9,mse,18,0.075,10.856442,17.571213
9,mse,18,0.1,12.800914,17.431862
9,mse,18,0.15,11.792784,17.699879
9,mae,19,0.05,11.995895,16.686392
9,mae,19,0.075,11.931014,16.393097
9,mae,19,0.1,13.415749,16.406834
9,mae,19,0.15,13.016685,16.459961
9,mse,19,0.05,10.725739,17.772013
9,mse,19,0.075,10.856442,17.571213
9,mse,19,0.1,12.800914,17.431862
9,mse,19,0.15,11.792784,17.699879
9,mae,20,0.05,11.995895,16.686392
9,mae,20,0.075,11.931014,16.393097
9,mae,20,0.1,13.415749,16.406834
9,mae,20,0.15,13.016685,16.459961
9,mse,20,0.05,10.725739,17.772013
9,mse,20,0.075,10.856442,17.571213
9,mse,20,0.1,12.800914,17.431862
9,mse,20,0.15,11.792784,17.699879
9,mae,21,0.05,11.995895,16.686392
9,mae,21,0.075,11.931014,16.393097
9,mae,21,0.1,13.415749,16.406834
9,mae,21,0.15,13.016685,16.459961
9,mse,21,0.05,10.725739,17.772013
9,mse,21,0.075,10.856442,17.571213
9,mse,21,0.1,12.800914,17.431862
9,mse,21,0.15,11.792784,17.699879
9,mae,22,0.05,11.995895,16.686392
9,mae,22,0.075,11.931014,16.393097
9,mae,22,0.1,13.415749,16.406834
9,mae,22,0.15,13.016685,16.459961
9,mse,22,0.05,10.725739,17.772013
9,mse,22,0.075,10.856442,17.571213
9,mse,22,0.1,12.800914,17.431862
9,mse,22,0.15,11.792784,17.699879
9,mae,23,0.05,11.995895,16.686392
9,mae,23,0.075,11.931014,16.393097
9,mae,23,0.1,13.415749,16.406834
9,mae,23,0.15,13.016685,16.459961
9,mse,23,0.05,10.725739,17.772013
9,mse,23,0.075,10.856442,17.571213
9,mse,23,0.1,12.800914,17.431862
9,mse,23,0.15,11.792784,17.699879
