batch_index,metric,tau,area,comp,suff
0,auc,0,0.05,1.0,0.55
0,auc,0,0.075,1.0,0.583333
0,auc,0,0.1,1.0,0.6
0,auc,0,0.15,1.0,0.55
0,accuracy,0,0.05,0.125,0.9375
0,accuracy,0,0.075,0.0625,0.9375
0,accuracy,0,0.1,0.0625,0.9375
0,accuracy,0,0.15,0.0625,0.9375
0,cross_entropy,0,0.05,1.395695,0.387492
0,cross_entropy,0,0.075,1.982813,0.433195
0,cross_entropy,0,0.1,2.49602,0.469344
0,cross_entropy,0,0.15,3.254764,0.526301
0,auc,1,0.05,1.0,0.966667
0,auc,1,0.075,0.916667,0.966667
0,auc,1,0.1,0.9,0.983333
0,auc,1,0.15,0.75,0.983333
0,accuracy,1,0.05,0.9375,0.15625
0,accuracy,1,0.075,0.9375,0.0625
0,accuracy,1,0.1,0.9375,0.0625
0,accuracy,1,0.15,0.9375,0.0625
0,cross_entropy,1,0.05,0.289065,1.288054
0,cross_entropy,1,0.075,0.362492,1.89485
0,cross_entropy,1,0.1,0.416204,2.4129
0,cross_entropy,1,0.15,0.49248,3.218799
1,auc,0,0.05,0.0,0.0
1,auc,0,0.075,0.0,0.0
1,auc,0,0.1,0.0,0.0
1,auc,0,0.15,0.0,0.0
1,accuracy,0,0.05,0.09375,1.0
1,accuracy,0,0.075,0.0,1.0
1,accuracy,0,0.1,0.0,1.0
1,accuracy,0,0.15,0.0,1.0
1,cross_entropy,0,0.05,1.308747,0.002204
1,cross_entropy,0,0.075,1.907438,0.001025
1,cross_entropy,0,0.1,2.415777,0.000579
1,cross_entropy,0,0.15,3.200856,0.000252
1,auc,1,0.05,0.0,0.0
1,auc,1,0.075,0.0,0.0
1,auc,1,0.1,0.0,0.0
1,auc,1,0.15,0.0,0.0
1,accuracy,1,0.05,1.0,0.0
1,accuracy,1,0.075,1.0,0.0
1,accuracy,1,0.1,1.0,0.0
1,accuracy,1,0.15,1.0,0.0
1,cross_entropy,1,0.05,0.002535,1.292099
1,cross_entropy,1,0.075,0.001125,1.913059
1,cross_entropy,1,0.1,0.000614,2.444687
1,cross_entropy,1,0.15,0.000257,3.251928
2,auc,0,0.05,0.0,0.0
2,auc,0,0.075,0.0,0.0
2,auc,0,0.1,0.0,0.0
2,auc,0,0.15,0.0,0.0
2,accuracy,0,0.05,0.25,1.0
2,accuracy,0,0.075,0.0,1.0
2,accuracy,0,0.1,0.0,1.0
2,accuracy,0,0.15,0.0,1.0
2,cross_entropy,0,0.05,1.238117,0.001989
2,cross_entropy,0,0.075,1.849348,0.000892
2,cross_entropy,0,0.1,2.369643,0.000488
2,cross_entropy,0,0.15,3.151711,0.000211
2,auc,1,0.05,0.0,0.0
2,auc,1,0.075,0.0,0.0
2,auc,1,0.1,0.0,0.0
2,auc,1,0.15,0.0,0.0
2,accuracy,1,0.05,1.0,0.0625
2,accuracy,1,0.075,1.0,0.0
2,accuracy,1,0.1,1.0,0.0
2,accuracy,1,0.15,1.0,0.0
2,cross_entropy,1,0.05,0.001728,1.301847
2,cross_entropy,1,0.075,0.000791,1.899309
2,cross_entropy,1,0.1,0.000437,2.420743
2,cross_entropy,1,0.15,0.000186,3.233454
3,auc,0,0.05,0.0,0.0
3,auc,0,0.075,0.0,0.0
3,auc,0,0.1,0.0,0.0
3,auc,0,0.15,0.0,0.0
3,accuracy,0,0.05,0.21875,1.0
3,accuracy,0,0.075,0.0,1.0
3,accuracy,0,0.1,0.0,1.0
3,accuracy,0,0.15,0.0,1.0
3,cross_entropy,0,0.05,1.334736,0.002049
3,cross_entropy,0,0.075,1.962954,0.000921
3,cross_entropy,0,0.1,2.501232,0.000501
3,cross_entropy,0,0.15,3.32209,0.000213
3,auc,1,0.05,0.0,0.0
3,auc,1,0.075,0.0,0.0
3,auc,1,0.1,0.0,0.0
3,auc,1,0.15,0.0,0.0
3,accuracy,1,0.05,1.0,0.09375
3,accuracy,1,0.075,1.0,0.03125
3,accuracy,1,0.1,1.0,0.0
3,accuracy,1,0.15,1.0,0.0
3,cross_entropy,1,0.05,0.002067,1.419079
3,cross_entropy,1,0.075,0.000958,2.03007
3,cross_entropy,1,0.1,0.000531,2.544233
3,cross_entropy,1,0.15,0.000228,3.341
4,auc,0,0.05,0.0,0.0
4,auc,0,0.075,0.0,0.0
4,auc,0,0.1,0.0,0.0
4,auc,0,0.15,0.0,0.0
4,accuracy,0,0.05,0.0625,1.0
4,accuracy,0,0.075,0.0,1.0
4,accuracy,0,0.1,0.0,1.0
4,accuracy,0,0.15,0.0,1.0
4,cross_entropy,0,0.05,1.406952,0.002032
4,cross_entropy,0,0.075,2.075549,0.000915
4,cross_entropy,0,0.1,2.614925,0.000503
4,cross_entropy,0,0.15,3.427056,0.000215
4,auc,1,0.05,0.0,0.0
4,auc,1,0.075,0.0,0.0
4,auc,1,0.1,0.0,0.0
4,auc,1,0.15,0.0,0.0
4,accuracy,1,0.05,1.0,0.125
4,accuracy,1,0.075,1.0,0.0
4,accuracy,1,0.1,1.0,0.0
4,accuracy,1,0.15,1.0,0.0
4,cross_entropy,1,0.05,0.002048,1.478561
4,cross_entropy,1,0.075,0.000926,2.106107
4,cross_entropy,1,0.1,0.000506,2.639467
4,cross_entropy,1,0.15,0.000206,3.490874
5,auc,0,0.05,0.0,0.0
5,auc,0,0.075,0.0,0.0
5,auc,0,0.1,0.0,0.0
5,auc,0,0.15,0.0,0.0
5,accuracy,0,0.05,0.1875,1.0
5,accuracy,0,0.075,0.0,1.0
5,accuracy,0,0.1,0.0,1.0
5,accuracy,0,0.15,0.0,1.0
5,cross_entropy,0,0.05,1.313139,0.002595
5,cross_entropy,0,0.075,1.907483,0.001178
5,cross_entropy,0,0.1,2.43504,0.000635
5,cross_entropy,0,0.15,3.250758,0.000268
5,auc,1,0.05,0.0,0.0
5,auc,1,0.075,0.0,0.0
5,auc,1,0.1,0.0,0.0
5,auc,1,0.15,0.0,0.0
5,accuracy,1,0.05,1.0,0.09375
5,accuracy,1,0.075,1.0,0.0
5,accuracy,1,0.1,1.0,0.0
5,accuracy,1,0.15,1.0,0.0
5,cross_entropy,1,0.05,0.00212,1.522087
5,cross_entropy,1,0.075,0.000958,2.154744
5,cross_entropy,1,0.1,0.000529,2.674833
5,cross_entropy,1,0.15,0.000227,3.473003
6,auc,0,0.05,0.977012,0.287356
6,auc,0,0.075,0.977012,0.356322
6,auc,0,0.1,0.977012,0.367816
6,auc,0,0.15,0.977012,0.356322
6,accuracy,0,0.05,0.28125,0.90625
6,accuracy,0,0.075,0.09375,0.90625
6,accuracy,0,0.1,0.09375,0.90625
6,accuracy,0,0.15,0.09375,0.90625
6,cross_entropy,0,0.05,1.322548,inf
6,cross_entropy,0,0.075,1.922475,inf
6,cross_entropy,0,0.1,2.428256,inf
6,cross_entropy,0,0.15,3.164701,inf
6,auc,1,0.05,0.643678,0.977012
6,auc,1,0.075,0.597701,0.977012
6,auc,1,0.1,0.563218,0.977012
6,auc,1,0.15,0.482759,0.977012
6,accuracy,1,0.05,0.90625,0.25
6,accuracy,1,0.075,0.90625,0.09375
6,accuracy,1,0.1,0.90625,0.09375
6,accuracy,1,0.15,0.90625,0.09375
6,cross_entropy,1,0.05,inf,1.37847
6,cross_entropy,1,0.075,inf,1.955454
6,cross_entropy,1,0.1,inf,2.452818
6,cross_entropy,1,0.15,inf,3.215803
7,auc,0,0.05,1.0,0.870968
7,auc,0,0.075,1.0,0.870968
7,auc,0,0.1,1.0,0.903226
7,auc,0,0.15,1.0,0.903226
7,accuracy,0,0.05,0.09375,0.96875
7,accuracy,0,0.075,0.03125,0.96875
7,accuracy,0,0.1,0.03125,0.96875
7,accuracy,0,0.15,0.03125,0.96875
7,cross_entropy,0,0.05,1.265026,0.180573
7,cross_entropy,0,0.075,1.882335,0.20465
7,cross_entropy,0,0.1,2.401214,0.220335
7,cross_entropy,0,0.15,3.198047,0.243273
7,auc,1,0.05,1.0,0.935484
7,auc,1,0.075,1.0,0.935484
7,auc,1,0.1,1.0,0.935484
7,auc,1,0.15,0.967742,0.967742
7,accuracy,1,0.05,0.96875,0.0625
7,accuracy,1,0.075,0.96875,0.03125
7,accuracy,1,0.1,0.96875,0.03125
7,accuracy,1,0.15,0.96875,0.03125
7,cross_entropy,1,0.05,0.134402,1.409963
7,cross_entropy,1,0.075,0.166018,2.045416
7,cross_entropy,1,0.1,0.19126,2.563166
7,cross_entropy,1,0.15,0.226981,3.361175
8,auc,0,0.05,0.966667,0.366667
8,auc,0,0.075,0.966667,0.383333
8,auc,0,0.1,0.966667,0.433333
8,auc,0,0.15,0.966667,0.45
8,accuracy,0,0.05,0.125,0.9375
8,accuracy,0,0.075,0.0625,0.9375
8,accuracy,0,0.1,0.0625,0.9375
8,accuracy,0,0.15,0.0625,0.9375
8,cross_entropy,0,0.05,1.635389,0.413514
8,cross_entropy,0,0.075,2.302838,0.457417
8,cross_entropy,0,0.1,2.836973,0.489819
8,cross_entropy,0,0.15,3.625136,0.539212
8,auc,1,0.05,0.883333,0.9
8,auc,1,0.075,0.833333,0.95
8,auc,1,0.1,0.833333,0.95
8,auc,1,0.15,0.75,0.95
8,accuracy,1,0.05,0.9375,0.0625
8,accuracy,1,0.075,0.9375,0.0625
8,accuracy,1,0.1,0.9375,0.0625
8,accuracy,1,0.15,0.9375,0.0625
8,cross_entropy,1,0.05,0.319497,1.546753
8,cross_entropy,1,0.075,0.384613,2.205362
8,cross_entropy,1,0.1,0.433633,2.768012
8,cross_entropy,1,0.15,0.505451,3.620091
9,auc,0,0.05,1.0,0.129032
9,auc,0,0.075,1.0,0.193548
9,auc,0,0.1,1.0,0.193548
9,auc,0,0.15,1.0,0.225806
9,accuracy,0,0.05,0.125,0.96875
9,accuracy,0,0.075,0.03125,0.96875
9,accuracy,0,0.1,0.03125,0.96875
9,accuracy,0,0.15,0.03125,0.96875
9,cross_entropy,0,0.05,1.357225,0.21534
9,cross_entropy,0,0.075,1.9601,0.235895
9,cross_entropy,0,0.1,2.464788,0.254375
9,cross_entropy,0,0.15,3.233537,0.281828
9,auc,1,0.05,0.83871,1.0
9,auc,1,0.075,0.709677,1.0
9,auc,1,0.1,0.677419,1.0
9,auc,1,0.15,0.419355,1.0
9,accuracy,1,0.05,0.96875,0.09375
9,accuracy,1,0.075,0.96875,0.03125
9,accuracy,1,0.1,0.96875,0.03125
9,accuracy,1,0.15,0.96875,0.03125
9,cross_entropy,1,0.05,0.168783,1.374559
9,cross_entropy,1,0.075,0.201768,1.975851
9,cross_entropy,1,0.1,0.228004,2.47961
9,cross_entropy,1,0.15,0.266671,3.277484
10,auc,0,0.05,1.0,0.064516
10,auc,0,0.075,1.0,0.064516
10,auc,0,0.1,1.0,0.064516
10,auc,0,0.15,1.0,0.064516
10,accuracy,0,0.05,0.1875,0.96875
10,accuracy,0,0.075,0.03125,0.96875
10,accuracy,0,0.1,0.03125,0.96875
10,accuracy,0,0.15,0.03125,0.96875
10,cross_entropy,0,0.05,1.424198,0.235441
10,cross_entropy,0,0.075,2.033048,0.265841
10,cross_entropy,0,0.1,2.539668,0.290059
10,cross_entropy,0,0.15,3.330264,0.31774
10,auc,1,0.05,0.354839,1.0
10,auc,1,0.075,0.16129,1.0
10,auc,1,0.1,0.064516,1.0
10,auc,1,0.15,0.064516,1.0
10,accuracy,1,0.05,0.96875,0.25
10,accuracy,1,0.075,0.96875,0.03125
10,accuracy,1,0.1,0.96875,0.03125
10,accuracy,1,0.15,0.96875,0.03125
10,cross_entropy,1,0.05,0.203314,1.364376
10,cross_entropy,1,0.075,0.239089,1.986233
10,cross_entropy,1,0.1,0.267635,2.515967
10,cross_entropy,1,0.15,0.304917,3.341476
11,auc,0,0.05,1.0,0.774194
11,auc,0,0.075,1.0,0.677419
11,auc,0,0.1,1.0,0.612903
11,auc,0,0.15,1.0,0.645161
11,accuracy,0,0.05,0.15625,0.96875
11,accuracy,0,0.075,0.03125,0.96875
11,accuracy,0,0.1,0.03125,0.96875
11,accuracy,0,0.15,0.03125,0.96875
11,cross_entropy,0,0.05,1.384398,0.178374
11,cross_entropy,0,0.075,1.998917,0.203896
11,cross_entropy,0,0.1,2.516255,0.223752
11,cross_entropy,0,0.15,3.310181,0.250118
11,auc,1,0.05,0.967742,0.967742
11,auc,1,0.075,0.967742,1.0
11,auc,1,0.1,0.935484,1.0
11,auc,1,0.15,0.774194,1.0
11,accuracy,1,0.05,0.96875,0.09375
11,accuracy,1,0.075,0.96875,0.03125
11,accuracy,1,0.1,0.96875,0.03125
11,accuracy,1,0.15,0.96875,0.03125
11,cross_entropy,1,0.05,0.148479,1.513387
11,cross_entropy,1,0.075,0.183198,2.146927
11,cross_entropy,1,0.1,0.208743,2.658317
11,cross_entropy,1,0.15,0.244004,3.445924
12,auc,0,0.05,0.967742,0.096774
12,auc,0,0.075,0.967742,0.129032
12,auc,0,0.1,0.967742,0.129032
12,auc,0,0.15,0.967742,0.096774
12,accuracy,0,0.05,0.15625,0.96875
12,accuracy,0,0.075,0.03125,0.96875
12,accuracy,0,0.1,0.03125,0.96875
12,accuracy,0,0.15,0.03125,0.96875
12,cross_entropy,0,0.05,1.602829,0.219954
12,cross_entropy,0,0.075,2.281901,0.245501
12,cross_entropy,0,0.1,2.855821,0.26419
12,cross_entropy,0,0.15,3.702092,0.291196
12,auc,1,0.05,0.83871,0.967742
12,auc,1,0.075,0.806452,0.967742
12,auc,1,0.1,0.612903,0.967742
12,auc,1,0.15,0.387097,0.967742
12,accuracy,1,0.05,0.96875,0.0625
12,accuracy,1,0.075,0.96875,0.03125
12,accuracy,1,0.1,0.96875,0.03125
12,accuracy,1,0.15,0.96875,0.03125
12,cross_entropy,1,0.05,0.17571,1.718907
12,cross_entropy,1,0.075,0.213807,2.400007
12,cross_entropy,1,0.1,0.239591,2.980077
12,cross_entropy,1,0.15,0.278659,3.862022
13,auc,0,0.05,0.0,0.0
13,auc,0,0.075,0.0,0.0
13,auc,0,0.1,0.0,0.0
13,auc,0,0.15,0.0,0.0
13,accuracy,0,0.05,0.28125,1.0
13,accuracy,0,0.075,0.0,1.0
13,accuracy,0,0.1,0.0,1.0
13,accuracy,0,0.15,0.0,1.0
13,cross_entropy,0,0.05,1.281902,0.001796
13,cross_entropy,0,0.075,1.877626,0.000815
13,cross_entropy,0,0.1,2.383142,0.000454
13,cross_entropy,0,0.15,3.184637,0.000192
13,auc,1,0.05,0.0,0.0
13,auc,1,0.075,0.0,0.0
13,auc,1,0.1,0.0,0.0
13,auc,1,0.15,0.0,0.0
13,accuracy,1,0.05,1.0,0.125
13,accuracy,1,0.075,1.0,0.0
13,accuracy,1,0.1,1.0,0.0
13,accuracy,1,0.15,1.0,0.0
13,cross_entropy,1,0.05,0.00169,1.340612
13,cross_entropy,1,0.075,0.00077,1.934532
13,cross_entropy,1,0.1,0.000418,2.456421
13,cross_entropy,1,0.15,0.000175,3.275166
14,auc,0,0.05,0.0,0.0
14,auc,0,0.075,0.0,0.0
14,auc,0,0.1,0.0,0.0
14,auc,0,0.15,0.0,0.0
14,accuracy,0,0.05,0.125,1.0
14,accuracy,0,0.075,0.0,1.0
14,accuracy,0,0.1,0.0,1.0
14,accuracy,0,0.15,0.0,1.0
14,cross_entropy,0,0.05,1.201167,0.002591
14,cross_entropy,0,0.075,1.800208,0.001182
14,cross_entropy,0,0.1,2.309519,0.000655
14,cross_entropy,0,0.15,3.110066,0.000279
14,auc,1,0.05,0.0,0.0
14,auc,1,0.075,0.0,0.0
14,auc,1,0.1,0.0,0.0
14,auc,1,0.15,0.0,0.0
14,accuracy,1,0.05,1.0,0.03125
14,accuracy,1,0.075,1.0,0.0
14,accuracy,1,0.1,1.0,0.0
14,accuracy,1,0.15,1.0,0.0
14,cross_entropy,1,0.05,0.002495,1.298469
14,cross_entropy,1,0.075,0.001139,1.89066
14,cross_entropy,1,0.1,0.000631,2.394444
14,cross_entropy,1,0.15,0.000265,3.192536
15,auc,0,0.05,0.0,0.0
15,auc,0,0.075,0.0,0.0
15,auc,0,0.1,0.0,0.0
15,auc,0,0.15,0.0,0.0
15,accuracy,0,0.05,0.09375,1.0
15,accuracy,0,0.075,0.03125,1.0
15,accuracy,0,0.1,0.0,1.0
15,accuracy,0,0.15,0.0,1.0
15,cross_entropy,0,0.05,1.326223,0.002244
15,cross_entropy,0,0.075,1.926855,0.001049
15,cross_entropy,0,0.1,2.427808,0.000595
15,cross_entropy,0,0.15,3.210371,0.000262
15,auc,1,0.05,0.0,0.0
15,auc,1,0.075,0.0,0.0
15,auc,1,0.1,0.0,0.0
15,auc,1,0.15,0.0,0.0
15,accuracy,1,0.05,1.0,0.03125
15,accuracy,1,0.075,1.0,0.0
15,accuracy,1,0.1,1.0,0.0
15,accuracy,1,0.15,1.0,0.0
15,cross_entropy,1,0.05,0.002525,1.312489
15,cross_entropy,1,0.075,0.001107,1.941634
15,cross_entropy,1,0.1,0.000607,2.470675
15,cross_entropy,1,0.15,0.000257,3.289018
16,auc,0,0.05,0.0,0.0
16,auc,0,0.075,0.0,0.0
16,auc,0,0.1,0.0,0.0
16,auc,0,0.15,0.0,0.0
16,accuracy,0,0.05,0.15625,1.0
16,accuracy,0,0.075,0.03125,1.0
16,accuracy,0,0.1,0.0,1.0
16,accuracy,0,0.15,0.0,1.0
16,cross_entropy,0,0.05,1.312636,0.002198
16,cross_entropy,0,0.075,1.901142,0.001024
16,cross_entropy,0,0.1,2.399062,0.000574
16,cross_entropy,0,0.15,3.174173,0.00025
16,auc,1,0.05,0.0,0.0
16,auc,1,0.075,0.0,0.0
16,auc,1,0.1,0.0,0.0
16,auc,1,0.15,0.0,0.0
16,accuracy,1,0.05,1.0,0.125
16,accuracy,1,0.075,1.0,0.0
16,accuracy,1,0.1,1.0,0.0
16,accuracy,1,0.15,1.0,0.0
16,cross_entropy,1,0.05,0.002432,1.294413
16,cross_entropy,1,0.075,0.001082,1.898497
16,cross_entropy,1,0.1,0.000588,2.41905
16,cross_entropy,1,0.15,0.000246,3.226709
17,auc,0,0.05,0.0,0.0
17,auc,0,0.075,0.0,0.0
17,auc,0,0.1,0.0,0.0
17,auc,0,0.15,0.0,0.0
17,accuracy,0,0.05,0.1875,1.0
17,accuracy,0,0.075,0.0,1.0
17,accuracy,0,0.1,0.0,1.0
17,accuracy,0,0.15,0.0,1.0
17,cross_entropy,0,0.05,1.35894,0.001938
17,cross_entropy,0,0.075,1.982385,0.000882
17,cross_entropy,0,0.1,2.532666,0.000487
17,cross_entropy,0,0.15,3.369385,0.000205
17,auc,1,0.05,0.0,0.0
17,auc,1,0.075,0.0,0.0
17,auc,1,0.1,0.0,0.0
17,auc,1,0.15,0.0,0.0
17,accuracy,1,0.05,1.0,0.03125
17,accuracy,1,0.075,1.0,0.0
17,accuracy,1,0.1,1.0,0.0
17,accuracy,1,0.15,1.0,0.0
17,cross_entropy,1,0.05,0.001813,1.473551
17,cross_entropy,1,0.075,0.000817,2.123517
17,cross_entropy,1,0.1,0.000447,2.667271
17,cross_entropy,1,0.15,0.000186,3.50997
18,auc,0,0.05,0.0,0.0
18,auc,0,0.075,0.0,0.0
18,auc,0,0.1,0.0,0.0
18,auc,0,0.15,0.0,0.0
18,accuracy,0,0.05,0.1875,1.0
18,accuracy,0,0.075,0.03125,1.0
18,accuracy,0,0.1,0.0,1.0
18,accuracy,0,0.15,0.0,1.0
18,cross_entropy,0,0.05,1.288458,0.00171
18,cross_entropy,0,0.075,1.877686,0.000807
18,cross_entropy,0,0.1,2.379594,0.000455
18,cross_entropy,0,0.15,3.15475,0.000201
18,auc,1,0.05,0.0,0.0
18,auc,1,0.075,0.0,0.0
18,auc,1,0.1,0.0,0.0
18,auc,1,0.15,0.0,0.0
18,accuracy,1,0.05,1.0,0.0625
18,accuracy,1,0.075,1.0,0.0
18,accuracy,1,0.1,1.0,0.0
18,accuracy,1,0.15,1.0,0.0
18,cross_entropy,1,0.05,0.001814,1.216867
18,cross_entropy,1,0.075,0.000804,1.83134
18,cross_entropy,1,0.1,0.000439,2.358973
18,cross_entropy,1,0.15,0.000186,3.180496
19,auc,0,0.05,0.0,0.0
19,auc,0,0.075,0.0,0.0
19,auc,0,0.1,0.0,0.0
19,auc,0,0.15,0.0,0.0
19,accuracy,0,0.05,0.0625,1.0
19,accuracy,0,0.075,0.0,1.0
19,accuracy,0,0.1,0.0,1.0
19,accuracy,0,0.15,0.0,1.0
19,cross_entropy,0,0.05,1.647126,0.00217
19,cross_entropy,0,0.075,2.309493,0.001001
19,cross_entropy,0,0.1,2.863293,0.000553
19,cross_entropy,0,0.15,3.707375,0.000237
19,auc,1,0.05,0.0,0.0
19,auc,1,0.075,0.0,0.0
19,auc,1,0.1,0.0,0.0
19,auc,1,0.15,0.0,0.0
19,accuracy,1,0.05,1.0,0.0
19,accuracy,1,0.075,1.0,0.0
19,accuracy,1,0.1,1.0,0.0
19,accuracy,1,0.15,1.0,0.0
19,cross_entropy,1,0.05,0.002438,1.643331
19,cross_entropy,1,0.075,0.001045,2.345682
19,cross_entropy,1,0.1,0.000557,2.924837
19,cross_entropy,1,0.15,0.000225,3.79343
20,auc,0,0.05,0.0,0.0
20,auc,0,0.075,0.0,0.0
20,auc,0,0.1,0.0,0.0
20,auc,0,0.15,0.0,0.0
20,accuracy,0,0.05,0.09375,1.0
20,accuracy,0,0.075,0.0,1.0
20,accuracy,0,0.1,0.0,1.0
20,accuracy,0,0.15,0.0,1.0
20,cross_entropy,0,0.05,1.668827,0.002315
20,cross_entropy,0,0.075,2.338547,0.001074
20,cross_entropy,0,0.1,2.876817,0.000604
20,cross_entropy,0,0.15,3.721204,0.000259
20,auc,1,0.05,0.0,0.0
20,auc,1,0.075,0.0,0.0
20,auc,1,0.1,0.0,0.0
20,auc,1,0.15,0.0,0.0
20,accuracy,1,0.05,1.0,0.03125
20,accuracy,1,0.075,1.0,0.0
20,accuracy,1,0.1,1.0,0.0
20,accuracy,1,0.15,1.0,0.0
20,cross_entropy,1,0.05,0.002684,1.622628
20,cross_entropy,1,0.075,0.0012,2.29669
20,cross_entropy,1,0.1,0.00065,2.85568
20,cross_entropy,1,0.15,0.000262,3.742553
21,auc,0,0.05,0.0,0.0
21,auc,0,0.075,0.0,0.0
21,auc,0,0.1,0.0,0.0
21,auc,0,0.15,0.0,0.0
21,accuracy,0,0.05,0.15625,1.0
21,accuracy,0,0.075,0.0,1.0
21,accuracy,0,0.1,0.0,1.0
21,accuracy,0,0.15,0.0,1.0
21,cross_entropy,0,0.05,1.20788,0.0027
21,cross_entropy,0,0.075,1.780507,0.001266
21,cross_entropy,0,0.1,2.287487,0.000704
21,cross_entropy,0,0.15,3.084253,0.000301
21,auc,1,0.05,0.0,0.0
21,auc,1,0.075,0.0,0.0
21,auc,1,0.1,0.0,0.0
21,auc,1,0.15,0.0,0.0
21,accuracy,1,0.05,1.0,0.0
21,accuracy,1,0.075,1.0,0.0
21,accuracy,1,0.1,1.0,0.0
21,accuracy,1,0.15,1.0,0.0
21,cross_entropy,1,0.05,0.002555,1.314107
21,cross_entropy,1,0.075,0.001163,1.913652
21,cross_entropy,1,0.1,0.000646,2.424637
21,cross_entropy,1,0.15,0.000277,3.21437
22,auc,0,0.05,0.0,0.0
22,auc,0,0.075,0.0,0.0
22,auc,0,0.1,0.0,0.0
22,auc,0,0.15,0.0,0.0
22,accuracy,0,0.05,0.03125,1.0
22,accuracy,0,0.075,0.0,1.0
22,accuracy,0,0.1,0.0,1.0
22,accuracy,0,0.15,0.0,1.0
22,cross_entropy,0,0.05,1.583813,0.001691
22,cross_entropy,0,0.075,2.236856,0.000766
22,cross_entropy,0,0.1,2.769872,0.000426
22,cross_entropy,0,0.15,3.6134,0.00018
22,auc,1,0.05,0.0,0.0
22,auc,1,0.075,0.0,0.0
22,auc,1,0.1,0.0,0.0
22,auc,1,0.15,0.0,0.0
22,accuracy,1,0.05,1.0,0.09375
22,accuracy,1,0.075,1.0,0.03125
22,accuracy,1,0.1,1.0,0.0
22,accuracy,1,0.15,1.0,0.0
22,cross_entropy,1,0.05,0.002307,1.406488
22,cross_entropy,1,0.075,0.000953,2.106373
22,cross_entropy,1,0.1,0.000491,2.686926
22,cross_entropy,1,0.15,0.000188,3.604256
23,auc,0,0.05,1.0,0.903226
23,auc,0,0.075,1.0,0.83871
23,auc,0,0.1,1.0,0.774194
23,auc,0,0.15,1.0,0.612903
23,accuracy,0,0.05,0.0625,0.96875
23,accuracy,0,0.075,0.03125,0.96875
23,accuracy,0,0.1,0.03125,0.96875
23,accuracy,0,0.15,0.03125,0.96875
23,cross_entropy,0,0.05,1.407229,0.176918
23,cross_entropy,0,0.075,2.005942,0.203723
23,cross_entropy,0,0.1,2.501709,0.225677
23,cross_entropy,0,0.15,3.268505,0.259135
23,auc,1,0.05,0.903226,1.0
23,auc,1,0.075,0.806452,1.0
23,auc,1,0.1,0.580645,1.0
23,auc,1,0.15,0.451613,1.0
23,accuracy,1,0.05,0.96875,0.125
23,accuracy,1,0.075,0.96875,0.03125
23,accuracy,1,0.1,0.96875,0.03125
23,accuracy,1,0.15,0.96875,0.03125
23,cross_entropy,1,0.05,0.175306,1.373109
23,cross_entropy,1,0.075,0.206062,1.989212
23,cross_entropy,1,0.1,0.23304,2.517412
23,cross_entropy,1,0.15,0.267878,3.316223
24,auc,0,0.05,0.0,0.0
24,auc,0,0.075,0.0,0.0
24,auc,0,0.1,0.0,0.0
24,auc,0,0.15,0.0,0.0
24,accuracy,0,0.05,0.125,1.0
24,accuracy,0,0.075,0.03125,1.0
24,accuracy,0,0.1,0.0,1.0
24,accuracy,0,0.15,0.0,1.0
24,cross_entropy,0,0.05,1.26266,0.002407
24,cross_entropy,0,0.075,1.832864,0.00113
24,cross_entropy,0,0.1,2.32009,0.000639
24,cross_entropy,0,0.15,3.098646,0.000277
24,auc,1,0.05,0.0,0.0
24,auc,1,0.075,0.0,0.0
24,auc,1,0.1,0.0,0.0
24,auc,1,0.15,0.0,0.0
24,accuracy,1,0.05,1.0,0.09375
24,accuracy,1,0.075,1.0,0.0
24,accuracy,1,0.1,1.0,0.0
24,accuracy,1,0.15,1.0,0.0
24,cross_entropy,1,0.05,0.00239,1.326738
24,cross_entropy,1,0.075,0.001075,1.925767
24,cross_entropy,1,0.1,0.000585,2.44199
24,cross_entropy,1,0.15,0.000249,3.225759
25,auc,0,0.05,1.0,0.16129
25,auc,0,0.075,1.0,0.129032
25,auc,0,0.1,1.0,0.129032
25,auc,0,0.15,1.0,0.129032
25,accuracy,0,0.05,0.0625,0.96875
25,accuracy,0,0.075,0.03125,0.96875
25,accuracy,0,0.1,0.03125,0.96875
25,accuracy,0,0.15,0.03125,0.96875
25,cross_entropy,0,0.05,1.325778,0.216712
25,cross_entropy,0,0.075,1.914287,0.241535
25,cross_entropy,0,0.1,2.400473,0.260492
25,cross_entropy,0,0.15,3.160244,0.286551
25,auc,1,0.05,1.0,0.967742
25,auc,1,0.075,1.0,0.967742
25,auc,1,0.1,0.967742,1.0
25,auc,1,0.15,0.806452,1.0
25,accuracy,1,0.05,0.96875,0.09375
25,accuracy,1,0.075,0.96875,0.03125
25,accuracy,1,0.1,0.96875,0.03125
25,accuracy,1,0.15,0.96875,0.03125
25,cross_entropy,1,0.05,0.136363,1.196481
25,cross_entropy,1,0.075,0.173587,1.795155
25,cross_entropy,1,0.1,0.201701,2.307357
25,cross_entropy,1,0.15,0.245654,3.112039
26,auc,0,0.05,0.0,0.0
26,auc,0,0.075,0.0,0.0
26,auc,0,0.1,0.0,0.0
26,auc,0,0.15,0.0,0.0
26,accuracy,0,0.05,0.1875,1.0
26,accuracy,0,0.075,0.0625,1.0
26,accuracy,0,0.1,0.0,1.0
26,accuracy,0,0.15,0.0,1.0
26,cross_entropy,0,0.05,1.425569,0.00221
26,cross_entropy,0,0.075,2.053585,0.001006
26,cross_entropy,0,0.1,2.589166,0.000556
26,cross_entropy,0,0.15,3.415512,0.000238
26,auc,1,0.05,0.0,0.0
26,auc,1,0.075,0.0,0.0
26,auc,1,0.1,0.0,0.0
26,auc,1,0.15,0.0,0.0
26,accuracy,1,0.05,1.0,0.09375
26,accuracy,1,0.075,1.0,0.0
26,accuracy,1,0.1,1.0,0.0
26,accuracy,1,0.15,1.0,0.0
26,cross_entropy,1,0.05,0.002315,1.524414
26,cross_entropy,1,0.075,0.001023,2.170829
26,cross_entropy,1,0.1,0.000561,2.708934
26,cross_entropy,1,0.15,0.000233,3.537443
27,auc,0,0.05,0.965517,0.609195
27,auc,0,0.075,0.965517,0.632184
27,auc,0,0.1,0.965517,0.609195
27,auc,0,0.15,0.965517,0.609195
27,accuracy,0,0.05,0.1875,0.90625
27,accuracy,0,0.075,0.09375,0.90625
27,accuracy,0,0.1,0.09375,0.90625
27,accuracy,0,0.15,0.09375,0.90625
27,cross_entropy,0,0.05,1.412208,0.563953
27,cross_entropy,0,0.075,2.005126,0.628728
27,cross_entropy,0,0.1,2.483972,0.683953
27,cross_entropy,0,0.15,3.206984,0.760728
27,auc,1,0.05,1.0,0.896552
27,auc,1,0.075,0.988506,0.896552
27,auc,1,0.1,0.977012,0.931034
27,auc,1,0.15,0.850575,0.965517
27,accuracy,1,0.05,0.90625,0.15625
27,accuracy,1,0.075,0.90625,0.125
27,accuracy,1,0.1,0.90625,0.09375
27,accuracy,1,0.15,0.90625,0.09375
27,cross_entropy,1,0.05,0.413044,1.403408
27,cross_entropy,1,0.075,0.505975,1.978132
27,cross_entropy,1,0.1,0.58355,2.47698
27,cross_entropy,1,0.15,0.695278,3.234602
28,auc,0,0.05,1.0,0.354839
28,auc,0,0.075,1.0,0.225806
28,auc,0,0.1,1.0,0.193548
28,auc,0,0.15,1.0,0.064516
28,accuracy,0,0.05,0.125,0.96875
28,accuracy,0,0.075,0.03125,0.96875
28,accuracy,0,0.1,0.03125,0.96875
28,accuracy,0,0.15,0.03125,0.96875
28,cross_entropy,0,0.05,1.408244,0.201886
28,cross_entropy,0,0.075,1.981888,0.232649
28,cross_entropy,0,0.1,2.474207,0.255927
28,cross_entropy,0,0.15,3.217582,0.293457
28,auc,1,0.05,0.774194,1.0
28,auc,1,0.075,0.516129,1.0
28,auc,1,0.1,0.322581,1.0
28,auc,1,0.15,0.225806,1.0
28,accuracy,1,0.05,0.96875,0.125
28,accuracy,1,0.075,0.96875,0.03125
28,accuracy,1,0.1,0.96875,0.03125
28,accuracy,1,0.15,0.96875,0.03125
28,cross_entropy,1,0.05,0.177687,1.393507
28,cross_entropy,1,0.075,0.214912,1.978535
28,cross_entropy,1,0.1,0.243154,2.481351
28,cross_entropy,1,0.15,0.28218,3.256454
29,auc,0,0.05,0.0,0.0
29,auc,0,0.075,0.0,0.0
29,auc,0,0.1,0.0,0.0
29,auc,0,0.15,0.0,0.0
29,accuracy,0,0.05,0.1875,1.0
29,accuracy,0,0.075,0.0,1.0
29,accuracy,0,0.1,0.0,1.0
29,accuracy,0,0.15,0.0,1.0
29,cross_entropy,0,0.05,1.229732,0.002479
29,cross_entropy,0,0.075,1.811772,0.001146
29,cross_entropy,0,0.1,2.327184,0.00063
29,cross_entropy,0,0.15,3.128345,0.000272
29,auc,1,0.05,0.0,0.0
29,auc,1,0.075,0.0,0.0
29,auc,1,0.1,0.0,0.0
29,auc,1,0.15,0.0,0.0
29,accuracy,1,0.05,1.0,0.03125
29,accuracy,1,0.075,1.0,0.0
29,accuracy,1,0.1,1.0,0.0
29,accuracy,1,0.15,1.0,0.0
29,cross_entropy,1,0.05,0.002205,1.352393
29,cross_entropy,1,0.075,0.001021,1.954474
29,cross_entropy,1,0.1,0.000556,2.487642
29,cross_entropy,1,0.15,0.000238,3.291414
30,auc,0,0.05,1.0,0.193548
30,auc,0,0.075,1.0,0.16129
30,auc,0,0.1,1.0,0.129032
30,auc,0,0.15,1.0,0.096774
30,accuracy,0,0.05,0.28125,0.96875
30,accuracy,0,0.075,0.03125,0.96875
30,accuracy,0,0.1,0.03125,0.96875
30,accuracy,0,0.15,0.03125,0.96875
30,cross_entropy,0,0.05,1.257142,0.216525
30,cross_entropy,0,0.075,1.829706,0.248728
30,cross_entropy,0,0.1,2.319251,0.272266
30,cross_entropy,0,0.15,3.066688,0.303614
30,auc,1,0.05,1.0,1.0
30,auc,1,0.075,0.967742,1.0
30,auc,1,0.1,0.774194,1.0
30,auc,1,0.15,0.387097,1.0
30,accuracy,1,0.05,0.96875,0.125
30,accuracy,1,0.075,0.96875,0.03125
30,accuracy,1,0.1,0.96875,0.03125
30,accuracy,1,0.15,0.96875,0.03125
30,cross_entropy,1,0.05,0.152236,1.297274
30,cross_entropy,1,0.075,0.195769,1.881922
30,cross_entropy,1,0.1,0.229634,2.385018
30,cross_entropy,1,0.15,0.277367,3.157174
31,auc,0,0.05,0.0,0.0
31,auc,0,0.075,0.0,0.0
31,auc,0,0.1,0.0,0.0
31,auc,0,0.15,0.0,0.0
31,accuracy,0,0.05,0.15625,1.0
31,accuracy,0,0.075,0.0,1.0
31,accuracy,0,0.1,0.0,1.0
31,accuracy,0,0.15,0.0,1.0
31,cross_entropy,0,0.05,1.530734,0.002177
31,cross_entropy,0,0.075,2.153257,0.001019
31,cross_entropy,0,0.1,2.68728,0.000567
31,cross_entropy,0,0.15,3.504952,0.000244
31,auc,1,0.05,0.0,0.0
31,auc,1,0.075,0.0,0.0
31,auc,1,0.1,0.0,0.0
31,auc,1,0.15,0.0,0.0
31,accuracy,1,0.05,1.0,0.0625
31,accuracy,1,0.075,1.0,0.03125
31,accuracy,1,0.1,1.0,0.0
31,accuracy,1,0.15,1.0,0.0
31,cross_entropy,1,0.05,0.00227,1.509614
31,cross_entropy,1,0.075,0.001011,2.172665
31,cross_entropy,1,0.1,0.000548,2.723966
31,cross_entropy,1,0.15,0.000229,3.568091
32,auc,0,0.05,0.0,0.0
32,auc,0,0.075,0.0,0.0
32,auc,0,0.1,0.0,0.0
32,auc,0,0.15,0.0,0.0
32,accuracy,0,0.05,0.15625,1.0
32,accuracy,0,0.075,0.0,1.0
32,accuracy,0,0.1,0.0,1.0
32,accuracy,0,0.15,0.0,1.0
32,cross_entropy,0,0.05,1.143983,0.002282
32,cross_entropy,0,0.075,1.709735,0.00106
32,cross_entropy,0,0.1,2.203454,0.00059
32,cross_entropy,0,0.15,2.972075,0.000258
32,auc,1,0.05,0.0,0.0
32,auc,1,0.075,0.0,0.0
32,auc,1,0.1,0.0,0.0
32,auc,1,0.15,0.0,0.0
32,accuracy,1,0.05,1.0,0.0625
32,accuracy,1,0.075,1.0,0.0
32,accuracy,1,0.1,1.0,0.0
32,accuracy,1,0.15,1.0,0.0
32,cross_entropy,1,0.05,0.002193,1.250966
32,cross_entropy,1,0.075,0.001022,1.82654
32,cross_entropy,1,0.1,0.000572,2.321548
32,cross_entropy,1,0.15,0.000243,3.099673
33,auc,0,0.05,0.0,0.0
33,auc,0,0.075,0.0,0.0
33,auc,0,0.1,0.0,0.0
33,auc,0,0.15,0.0,0.0
33,accuracy,0,0.05,0.09375,1.0
33,accuracy,0,0.075,0.0,1.0
33,accuracy,0,0.1,0.0,1.0
33,accuracy,0,0.15,0.0,1.0
33,cross_entropy,0,0.05,1.302542,0.002628
33,cross_entropy,0,0.075,1.909653,0.001203
33,cross_entropy,0,0.1,2.428818,0.000659
33,cross_entropy,0,0.15,3.234162,0.000278
33,auc,1,0.05,0.0,0.0
33,auc,1,0.075,0.0,0.0
33,auc,1,0.1,0.0,0.0
33,auc,1,0.15,0.0,0.0
33,accuracy,1,0.05,1.0,0.0625
33,accuracy,1,0.075,1.0,0.0
33,accuracy,1,0.1,1.0,0.0
33,accuracy,1,0.15,1.0,0.0
33,cross_entropy,1,0.05,0.002415,1.358078
33,cross_entropy,1,0.075,0.001116,1.962931
33,cross_entropy,1,0.1,0.000616,2.489902
33,cross_entropy,1,0.15,0.000257,3.311893
34,auc,0,0.05,0.0,0.0
34,auc,0,0.075,0.0,0.0
34,auc,0,0.1,0.0,0.0
34,auc,0,0.15,0.0,0.0
34,accuracy,0,0.05,0.125,1.0
34,accuracy,0,0.075,0.03125,1.0
34,accuracy,0,0.1,0.0,1.0
34,accuracy,0,0.15,0.0,1.0
34,cross_entropy,0,0.05,1.391074,0.002559
34,cross_entropy,0,0.075,1.980466,0.001204
34,cross_entropy,0,0.1,2.489099,0.000678
34,cross_entropy,0,0.15,3.263132,0.000296
34,auc,1,0.05,0.0,0.0
34,auc,1,0.075,0.0,0.0
34,auc,1,0.1,0.0,0.0
34,auc,1,0.15,0.0,0.0
34,accuracy,1,0.05,1.0,0.09375
34,accuracy,1,0.075,1.0,0.0
34,accuracy,1,0.1,1.0,0.0
34,accuracy,1,0.15,1.0,0.0
34,cross_entropy,1,0.05,0.002648,1.372018
34,cross_entropy,1,0.075,0.001191,1.993669
34,cross_entropy,1,0.1,0.000658,2.518596
34,cross_entropy,1,0.15,0.000273,3.346368
35,auc,0,0.05,0.0,0.0
35,auc,0,0.075,0.0,0.0
35,auc,0,0.1,0.0,0.0
35,auc,0,0.15,0.0,0.0
35,accuracy,0,0.05,0.0625,1.0
35,accuracy,0,0.075,0.0,1.0
35,accuracy,0,0.1,0.0,1.0
35,accuracy,0,0.15,0.0,1.0
35,cross_entropy,0,0.05,1.203677,0.00213
35,cross_entropy,0,0.075,1.788272,0.000964
35,cross_entropy,0,0.1,2.287104,0.000539
35,cross_entropy,0,0.15,3.072978,0.000227
35,auc,1,0.05,0.0,0.0
35,auc,1,0.075,0.0,0.0
35,auc,1,0.1,0.0,0.0
35,auc,1,0.15,0.0,0.0
35,accuracy,1,0.05,1.0,0.15625
35,accuracy,1,0.075,1.0,0.0
35,accuracy,1,0.1,1.0,0.0
35,accuracy,1,0.15,1.0,0.0
35,cross_entropy,1,0.05,0.002006,1.278065
35,cross_entropy,1,0.075,0.000889,1.883507
35,cross_entropy,1,0.1,0.000483,2.399622
35,cross_entropy,1,0.15,0.000202,3.200719
36,auc,0,0.05,0.0,0.0
36,auc,0,0.075,0.0,0.0
36,auc,0,0.1,0.0,0.0
36,auc,0,0.15,0.0,0.0
36,accuracy,0,0.05,0.15625,1.0
36,accuracy,0,0.075,0.03125,1.0
36,accuracy,0,0.1,0.0,1.0
36,accuracy,0,0.15,0.0,1.0
36,cross_entropy,0,0.05,1.395842,0.002434
36,cross_entropy,0,0.075,2.021104,0.00112
36,cross_entropy,0,0.1,2.556588,0.000617
36,cross_entropy,0,0.15,3.375581,0.000264
36,auc,1,0.05,0.0,0.0
36,auc,1,0.075,0.0,0.0
36,auc,1,0.1,0.0,0.0
36,auc,1,0.15,0.0,0.0
36,accuracy,1,0.05,1.0,0.0625
36,accuracy,1,0.075,1.0,0.03125
36,accuracy,1,0.1,1.0,0.0
36,accuracy,1,0.15,1.0,0.0
36,cross_entropy,1,0.05,0.00247,1.471564
36,cross_entropy,1,0.075,0.001121,2.108463
36,cross_entropy,1,0.1,0.000617,2.642129
36,cross_entropy,1,0.15,0.000256,3.468211
37,auc,0,0.05,1.0,0.903226
37,auc,0,0.075,0.967742,0.903226
37,auc,0,0.1,0.967742,0.903226
37,auc,0,0.15,0.967742,0.935484
37,accuracy,0,0.05,0.1875,0.96875
37,accuracy,0,0.075,0.03125,0.96875
37,accuracy,0,0.1,0.03125,0.96875
37,accuracy,0,0.15,0.03125,0.96875
37,cross_entropy,0,0.05,1.280602,0.171427
37,cross_entropy,0,0.075,1.867435,0.192405
37,cross_entropy,0,0.1,2.369627,0.209469
37,cross_entropy,0,0.15,3.133252,0.230071
37,auc,1,0.05,1.0,0.967742
37,auc,1,0.075,1.0,0.967742
37,auc,1,0.1,1.0,0.967742
37,auc,1,0.15,1.0,0.967742
37,accuracy,1,0.05,0.96875,0.09375
37,accuracy,1,0.075,0.96875,0.03125
37,accuracy,1,0.1,0.96875,0.03125
37,accuracy,1,0.15,0.96875,0.03125
37,cross_entropy,1,0.05,0.132893,1.377748
37,cross_entropy,1,0.075,0.160399,1.962615
37,cross_entropy,1,0.1,0.181595,2.457751
37,cross_entropy,1,0.15,0.214159,3.231703
38,auc,0,0.05,1.0,0.2
38,auc,0,0.075,1.0,0.183333
38,auc,0,0.1,1.0,0.133333
38,auc,0,0.15,1.0,0.1
38,accuracy,0,0.05,0.15625,0.9375
38,accuracy,0,0.075,0.0625,0.9375
38,accuracy,0,0.1,0.0625,0.9375
38,accuracy,0,0.15,0.0625,0.9375
38,cross_entropy,0,0.05,1.153874,0.436837
38,cross_entropy,0,0.075,1.704447,0.493147
38,cross_entropy,0,0.1,2.179168,0.539041
38,cross_entropy,0,0.15,2.922045,0.607442
38,auc,1,0.05,0.766667,1.0
38,auc,1,0.075,0.483333,1.0
38,auc,1,0.1,0.316667,1.0
38,auc,1,0.15,0.166667,1.0
38,accuracy,1,0.05,0.9375,0.15625
38,accuracy,1,0.075,0.9375,0.0625
38,accuracy,1,0.1,0.9375,0.0625
38,accuracy,1,0.15,0.9375,0.0625
38,cross_entropy,1,0.05,0.363834,1.18144
38,cross_entropy,1,0.075,0.451311,1.741192
38,cross_entropy,1,0.1,0.513689,2.225956
38,cross_entropy,1,0.15,0.593037,2.977853
39,auc,0,0.05,0.967742,0.677419
39,auc,0,0.075,0.870968,0.741935
39,auc,0,0.1,0.83871,0.741935
39,auc,0,0.15,0.774194,0.806452
39,accuracy,0,0.05,0.15625,0.96875
39,accuracy,0,0.075,0.03125,0.96875
39,accuracy,0,0.1,0.03125,0.96875
39,accuracy,0,0.15,0.03125,0.96875
39,cross_entropy,0,0.05,1.709978,0.187601
39,cross_entropy,0,0.075,2.420739,0.206327
39,cross_entropy,0,0.1,2.976941,0.222617
39,cross_entropy,0,0.15,3.809358,0.244606
39,auc,1,0.05,1.0,0.677419
39,auc,1,0.075,1.0,0.677419
39,auc,1,0.1,1.0,0.741935
39,auc,1,0.15,0.903226,0.741935
39,accuracy,1,0.05,0.96875,0.03125
39,accuracy,1,0.075,0.96875,0.03125
39,accuracy,1,0.1,0.96875,0.03125
39,accuracy,1,0.15,0.96875,0.03125
39,cross_entropy,1,0.05,0.140289,1.826947
39,cross_entropy,1,0.075,0.167363,2.511749
39,cross_entropy,1,0.1,0.191454,3.069942
39,cross_entropy,1,0.15,0.22652,3.937513
40,auc,0,0.05,0.0,0.0
40,auc,0,0.075,0.0,0.0
40,auc,0,0.1,0.0,0.0
40,auc,0,0.15,0.0,0.0
40,accuracy,0,0.05,0.0625,1.0
40,accuracy,0,0.075,0.0,1.0
40,accuracy,0,0.1,0.0,1.0
40,accuracy,0,0.15,0.0,1.0
40,cross_entropy,0,0.05,1.454742,0.002512
40,cross_entropy,0,0.075,2.073687,0.001178
40,cross_entropy,0,0.1,2.59691,0.000654
40,cross_entropy,0,0.15,3.40113,0.000282
40,auc,1,0.05,0.0,0.0
40,auc,1,0.075,0.0,0.0
40,auc,1,0.1,0.0,0.0
40,auc,1,0.15,0.0,0.0
40,accuracy,1,0.05,1.0,0.0625
40,accuracy,1,0.075,1.0,0.0
40,accuracy,1,0.1,1.0,0.0
40,accuracy,1,0.15,1.0,0.0
40,cross_entropy,1,0.05,0.002782,1.431312
40,cross_entropy,1,0.075,0.001241,2.070735
40,cross_entropy,1,0.1,0.000664,2.619393
40,cross_entropy,1,0.15,0.000277,3.446161
41,auc,0,0.05,1.0,0.774194
41,auc,0,0.075,1.0,0.741935
41,auc,0,0.1,1.0,0.741935
41,auc,0,0.15,1.0,0.83871
41,accuracy,0,0.05,0.125,0.96875
41,accuracy,0,0.075,0.03125,0.96875
41,accuracy,0,0.1,0.03125,0.96875
41,accuracy,0,0.15,0.03125,0.96875
41,cross_entropy,0,0.05,1.539734,0.178336
41,cross_entropy,0,0.075,2.168435,0.202739
41,cross_entropy,0,0.1,2.687167,0.220601
41,cross_entropy,0,0.15,3.480373,0.244324
41,auc,1,0.05,1.0,0.967742
41,auc,1,0.075,1.0,0.967742
41,auc,1,0.1,0.935484,0.967742
41,auc,1,0.15,0.870968,1.0
41,accuracy,1,0.05,0.96875,0.09375
41,accuracy,1,0.075,0.96875,0.03125
41,accuracy,1,0.1,0.96875,0.03125
41,accuracy,1,0.15,0.96875,0.03125
41,cross_entropy,1,0.05,0.147674,1.51094
41,cross_entropy,1,0.075,0.180343,2.156905
41,cross_entropy,1,0.1,0.205556,2.694366
41,cross_entropy,1,0.15,0.238913,3.532336
42,auc,0,0.05,0.0,0.0
42,auc,0,0.075,0.0,0.0
42,auc,0,0.1,0.0,0.0
42,auc,0,0.15,0.0,0.0
42,accuracy,0,0.05,0.09375,1.0
42,accuracy,0,0.075,0.0,1.0
42,accuracy,0,0.1,0.0,1.0
42,accuracy,0,0.15,0.0,1.0
42,cross_entropy,0,0.05,1.568722,0.0024
42,cross_entropy,0,0.075,2.21528,0.001101
42,cross_entropy,0,0.1,2.751467,0.000609
42,cross_entropy,0,0.15,3.587064,0.00026
42,auc,1,0.05,0.0,0.0
42,auc,1,0.075,0.0,0.0
42,auc,1,0.1,0.0,0.0
42,auc,1,0.15,0.0,0.0
42,accuracy,1,0.05,1.0,0.0625
42,accuracy,1,0.075,1.0,0.0
42,accuracy,1,0.1,1.0,0.0
42,accuracy,1,0.15,1.0,0.0
42,cross_entropy,1,0.05,0.002407,1.631479
42,cross_entropy,1,0.075,0.001107,2.293206
42,cross_entropy,1,0.1,0.000609,2.841543
42,cross_entropy,1,0.15,0.000258,3.669242
43,auc,0,0.05,0.0,0.0
43,auc,0,0.075,0.0,0.0
43,auc,0,0.1,0.0,0.0
43,auc,0,0.15,0.0,0.0
43,accuracy,0,0.05,0.09375,1.0
43,accuracy,0,0.075,0.0,1.0
43,accuracy,0,0.1,0.0,1.0
43,accuracy,0,0.15,0.0,1.0
43,cross_entropy,0,0.05,1.201902,0.003268
43,cross_entropy,0,0.075,1.803936,0.001503
43,cross_entropy,0,0.1,2.316748,0.000832
43,cross_entropy,0,0.15,3.10743,0.000361
43,auc,1,0.05,0.0,0.0
43,auc,1,0.075,0.0,0.0
43,auc,1,0.1,0.0,0.0
43,auc,1,0.15,0.0,0.0
43,accuracy,1,0.05,1.0,0.0
43,accuracy,1,0.075,1.0,0.0
43,accuracy,1,0.1,1.0,0.0
43,accuracy,1,0.15,1.0,0.0
43,cross_entropy,1,0.05,0.002643,1.4072
43,cross_entropy,1,0.075,0.001242,2.005557
43,cross_entropy,1,0.1,0.000702,2.51137
43,cross_entropy,1,0.15,0.00031,3.293147
44,auc,0,0.05,0.0,0.0
44,auc,0,0.075,0.0,0.0
44,auc,0,0.1,0.0,0.0
44,auc,0,0.15,0.0,0.0
44,accuracy,0,0.05,0.15625,1.0
44,accuracy,0,0.075,0.0,1.0
44,accuracy,0,0.1,0.0,1.0
44,accuracy,0,0.15,0.0,1.0
44,cross_entropy,0,0.05,1.374546,0.002031
44,cross_entropy,0,0.075,1.963422,0.00094
44,cross_entropy,0,0.1,2.458016,0.000526
44,cross_entropy,0,0.15,3.237937,0.000227
44,auc,1,0.05,0.0,0.0
44,auc,1,0.075,0.0,0.0
44,auc,1,0.1,0.0,0.0
44,auc,1,0.15,0.0,0.0
44,accuracy,1,0.05,1.0,0.125
44,accuracy,1,0.075,1.0,0.0
44,accuracy,1,0.1,1.0,0.0
44,accuracy,1,0.15,1.0,0.0
44,cross_entropy,1,0.05,0.002346,1.261326
44,cross_entropy,1,0.075,0.001026,1.880825
44,cross_entropy,1,0.1,0.000554,2.404493
44,cross_entropy,1,0.15,0.000233,3.20297
45,auc,0,0.05,1.0,0.55
45,auc,0,0.075,1.0,0.55
45,auc,0,0.1,1.0,0.55
45,auc,0,0.15,1.0,0.45
45,accuracy,0,0.05,0.1875,0.9375
45,accuracy,0,0.075,0.09375,0.9375
45,accuracy,0,0.1,0.0625,0.9375
45,accuracy,0,0.15,0.0625,0.9375
45,cross_entropy,0,0.05,1.300207,0.385809
45,cross_entropy,0,0.075,1.876282,0.434554
45,cross_entropy,0,0.1,2.373091,0.472227
45,cross_entropy,0,0.15,3.145182,0.534826
45,auc,1,0.05,1.0,1.0
45,auc,1,0.075,0.966667,1.0
45,auc,1,0.1,0.9,1.0
45,auc,1,0.15,0.766667,1.0
45,accuracy,1,0.05,0.9375,0.09375
45,accuracy,1,0.075,0.9375,0.0625
45,accuracy,1,0.1,0.9375,0.0625
45,accuracy,1,0.15,0.9375,0.0625
45,cross_entropy,1,0.05,0.28967,1.330795
45,cross_entropy,1,0.075,0.364592,1.938606
45,cross_entropy,1,0.1,0.420475,2.434909
45,cross_entropy,1,0.15,0.499204,3.203301
46,auc,0,0.05,0.0,0.0
46,auc,0,0.075,0.0,0.0
46,auc,0,0.1,0.0,0.0
46,auc,0,0.15,0.0,0.0
46,accuracy,0,0.05,0.1875,1.0
46,accuracy,0,0.075,0.0,1.0
46,accuracy,0,0.1,0.0,1.0
46,accuracy,0,0.15,0.0,1.0
46,cross_entropy,0,0.05,1.352471,0.002753
46,cross_entropy,0,0.075,1.953692,0.001264
46,cross_entropy,0,0.1,2.455824,0.000707
46,cross_entropy,0,0.15,3.226658,0.000308
46,auc,1,0.05,0.0,0.0
46,auc,1,0.075,0.0,0.0
46,auc,1,0.1,0.0,0.0
46,auc,1,0.15,0.0,0.0
46,accuracy,1,0.05,1.0,0.03125
46,accuracy,1,0.075,1.0,0.0
46,accuracy,1,0.1,1.0,0.0
46,accuracy,1,0.15,1.0,0.0
46,cross_entropy,1,0.05,0.0026,1.398282
46,cross_entropy,1,0.075,0.001163,2.025935
46,cross_entropy,1,0.1,0.000642,2.534309
46,cross_entropy,1,0.15,0.000273,3.337274
47,auc,0,0.05,1.0,0.387097
47,auc,0,0.075,1.0,0.387097
47,auc,0,0.1,1.0,0.193548
47,auc,0,0.15,1.0,0.16129
47,accuracy,0,0.05,0.09375,0.96875
47,accuracy,0,0.075,0.03125,0.96875
47,accuracy,0,0.1,0.03125,0.96875
47,accuracy,0,0.15,0.03125,0.96875
47,cross_entropy,0,0.05,1.510694,0.201631
47,cross_entropy,0,0.075,2.112226,0.227458
47,cross_entropy,0,0.1,2.612379,0.248906
47,cross_entropy,0,0.15,3.375981,0.278362
47,auc,1,0.05,0.935484,1.0
47,auc,1,0.075,0.870968,1.0
47,auc,1,0.1,0.806452,1.0
47,auc,1,0.15,0.645161,1.0
47,accuracy,1,0.05,0.96875,0.125
47,accuracy,1,0.075,0.96875,0.03125
47,accuracy,1,0.1,0.96875,0.03125
47,accuracy,1,0.15,0.96875,0.03125
47,cross_entropy,1,0.05,0.163639,1.469191
47,cross_entropy,1,0.075,0.200215,2.09275
47,cross_entropy,1,0.1,0.224667,2.618803
47,cross_entropy,1,0.15,0.259273,3.438369
48,auc,0,0.05,0.0,0.0
48,auc,0,0.075,0.0,0.0
48,auc,0,0.1,0.0,0.0
48,auc,0,0.15,0.0,0.0
48,accuracy,0,0.05,0.09375,1.0
48,accuracy,0,0.075,0.0,1.0
48,accuracy,0,0.1,0.0,1.0
48,accuracy,0,0.15,0.0,1.0
48,cross_entropy,0,0.05,1.280508,0.002592
48,cross_entropy,0,0.075,1.878287,0.001183
48,cross_entropy,0,0.1,2.387993,0.000661
48,cross_entropy,0,0.15,3.191982,0.000282
48,auc,1,0.05,0.0,0.0
48,auc,1,0.075,0.0,0.0
48,auc,1,0.1,0.0,0.0
48,auc,1,0.15,0.0,0.0
48,accuracy,1,0.05,1.0,0.0625
48,accuracy,1,0.075,1.0,0.0
48,accuracy,1,0.1,1.0,0.0
48,accuracy,1,0.15,1.0,0.0
48,cross_entropy,1,0.05,0.002419,1.398149
48,cross_entropy,1,0.075,0.001119,2.0099
48,cross_entropy,1,0.1,0.000617,2.528749
48,cross_entropy,1,0.15,0.00026,3.33946
49,auc,0,0.05,1.0,0.129032
49,auc,0,0.075,1.0,0.064516
49,auc,0,0.1,1.0,0.064516
49,auc,0,0.15,1.0,0.032258
49,accuracy,0,0.05,0.09375,0.96875
49,accuracy,0,0.075,0.03125,0.96875
49,accuracy,0,0.1,0.03125,0.96875
49,accuracy,0,0.15,0.03125,0.96875
49,cross_entropy,0,0.05,1.355322,0.214025
49,cross_entropy,0,0.075,1.965519,0.243236
49,cross_entropy,0,0.1,2.480809,0.264563
49,cross_entropy,0,0.15,3.254991,0.300082
49,auc,1,0.05,0.677419,1.0
49,auc,1,0.075,0.225806,1.0
49,auc,1,0.1,0.129032,1.0
49,auc,1,0.15,0.032258,1.0
49,accuracy,1,0.05,0.96875,0.0625
49,accuracy,1,0.075,0.96875,0.03125
49,accuracy,1,0.1,0.96875,0.03125
49,accuracy,1,0.15,0.96875,0.03125
49,cross_entropy,1,0.05,0.196913,1.400587
49,cross_entropy,1,0.075,0.235642,2.03039
49,cross_entropy,1,0.1,0.262898,2.550334
49,cross_entropy,1,0.15,0.299988,3.353208
50,auc,0,0.05,1.0,0.806452
50,auc,0,0.075,0.967742,0.870968
50,auc,0,0.1,0.967742,0.903226
50,auc,0,0.15,0.967742,0.935484
50,accuracy,0,0.05,0.25,0.96875
50,accuracy,0,0.075,0.03125,0.96875
50,accuracy,0,0.1,0.03125,0.96875
50,accuracy,0,0.15,0.03125,0.96875
50,cross_entropy,0,0.05,1.17369,0.179153
50,cross_entropy,0,0.075,1.732231,0.200107
50,cross_entropy,0,0.1,2.203123,0.215056
50,cross_entropy,0,0.15,2.948669,0.238154
50,auc,1,0.05,1.0,0.903226
50,auc,1,0.075,1.0,0.935484
50,auc,1,0.1,0.967742,1.0
50,auc,1,0.15,0.967742,1.0
50,accuracy,1,0.05,0.96875,0.1875
50,accuracy,1,0.075,0.96875,0.03125
50,accuracy,1,0.1,0.96875,0.03125
50,accuracy,1,0.15,0.96875,0.03125
50,cross_entropy,1,0.05,0.144289,1.199908
50,cross_entropy,1,0.075,0.173773,1.74297
50,cross_entropy,1,0.1,0.198264,2.220692
50,cross_entropy,1,0.15,0.23242,2.974525
51,auc,0,0.05,0.0,0.0
51,auc,0,0.075,0.0,0.0
51,auc,0,0.1,0.0,0.0
51,auc,0,0.15,0.0,0.0
51,accuracy,0,0.05,0.125,1.0
51,accuracy,0,0.075,0.03125,1.0
51,accuracy,0,0.1,0.0,1.0
51,accuracy,0,0.15,0.0,1.0
51,cross_entropy,0,0.05,2.080371,0.001977
51,cross_entropy,0,0.075,2.881258,0.000901
51,cross_entropy,0,0.1,3.521013,0.000503
51,cross_entropy,0,0.15,4.464067,0.000216
51,auc,1,0.05,0.0,0.0
51,auc,1,0.075,0.0,0.0
51,auc,1,0.1,0.0,0.0
51,auc,1,0.15,0.0,0.0
51,accuracy,1,0.05,1.0,0.03125
51,accuracy,1,0.075,1.0,0.0
51,accuracy,1,0.1,1.0,0.0
51,accuracy,1,0.15,1.0,0.0
51,cross_entropy,1,0.05,0.00191,2.3165
51,cross_entropy,1,0.075,0.000834,3.111254
51,cross_entropy,1,0.1,0.000445,3.757273
51,cross_entropy,1,0.15,0.000183,4.706697
52,auc,0,0.05,0.0,0.0
52,auc,0,0.075,0.0,0.0
52,auc,0,0.1,0.0,0.0
52,auc,0,0.15,0.0,0.0
52,accuracy,0,0.05,0.15625,1.0
52,accuracy,0,0.075,0.0,1.0
52,accuracy,0,0.1,0.0,1.0
52,accuracy,0,0.15,0.0,1.0
52,cross_entropy,0,0.05,1.586169,0.002176
52,cross_entropy,0,0.075,2.22623,0.001002
52,cross_entropy,0,0.1,2.766443,0.000548
52,cross_entropy,0,0.15,3.577235,0.000235
52,auc,1,0.05,0.0,0.0
52,auc,1,0.075,0.0,0.0
52,auc,1,0.1,0.0,0.0
52,auc,1,0.15,0.0,0.0
52,accuracy,1,0.05,1.0,0.15625
52,accuracy,1,0.075,1.0,0.0
52,accuracy,1,0.1,1.0,0.0
52,accuracy,1,0.15,1.0,0.0
52,cross_entropy,1,0.05,0.002244,1.598551
52,cross_entropy,1,0.075,0.000999,2.248596
52,cross_entropy,1,0.1,0.000548,2.779835
52,cross_entropy,1,0.15,0.000222,3.629266
53,auc,0,0.05,0.0,0.0
53,auc,0,0.075,0.0,0.0
53,auc,0,0.1,0.0,0.0
53,auc,0,0.15,0.0,0.0
53,accuracy,0,0.05,0.0625,1.0
53,accuracy,0,0.075,0.0,1.0
53,accuracy,0,0.1,0.0,1.0
53,accuracy,0,0.15,0.0,1.0
53,cross_entropy,0,0.05,1.34647,0.002223
53,cross_entropy,0,0.075,1.966072,0.001014
53,cross_entropy,0,0.1,2.496311,0.000557
53,cross_entropy,0,0.15,3.307553,0.000239
53,auc,1,0.05,0.0,0.0
53,auc,1,0.075,0.0,0.0
53,auc,1,0.1,0.0,0.0
53,auc,1,0.15,0.0,0.0
53,accuracy,1,0.05,1.0,0.0625
53,accuracy,1,0.075,1.0,0.0
53,accuracy,1,0.1,1.0,0.0
53,accuracy,1,0.15,1.0,0.0
53,cross_entropy,1,0.05,0.001956,1.462224
53,cross_entropy,1,0.075,0.000895,2.083949
53,cross_entropy,1,0.1,0.000494,2.616094
53,cross_entropy,1,0.15,0.000213,3.419503
54,auc,0,0.05,0.988506,0.137931
54,auc,0,0.075,0.977012,0.172414
54,auc,0,0.1,0.977012,0.183908
54,auc,0,0.15,0.977012,0.183908
54,accuracy,0,0.05,0.09375,0.90625
54,accuracy,0,0.075,0.09375,0.90625
54,accuracy,0,0.1,0.09375,0.90625
54,accuracy,0,0.15,0.09375,0.90625
54,cross_entropy,0,0.05,1.400069,0.673283
54,cross_entropy,0,0.075,2.003812,0.757565
54,cross_entropy,0,0.1,2.503649,0.809801
54,cross_entropy,0,0.15,3.250586,0.89393
54,auc,1,0.05,0.494253,0.965517
54,auc,1,0.075,0.413793,0.965517
54,auc,1,0.1,0.367816,0.965517
54,auc,1,0.15,0.310345,0.965517
54,accuracy,1,0.05,0.90625,0.09375
54,accuracy,1,0.075,0.90625,0.09375
54,accuracy,1,0.1,0.90625,0.09375
54,accuracy,1,0.15,0.90625,0.09375
54,cross_entropy,1,0.05,0.579671,1.432507
54,cross_entropy,1,0.075,0.678971,2.052225
54,cross_entropy,1,0.1,0.753153,2.562685
54,cross_entropy,1,0.15,0.863564,3.320546
55,auc,0,0.05,0.0,0.0
55,auc,0,0.075,0.0,0.0
55,auc,0,0.1,0.0,0.0
55,auc,0,0.15,0.0,0.0
55,accuracy,0,0.05,0.125,1.0
55,accuracy,0,0.075,0.0,1.0
55,accuracy,0,0.1,0.0,1.0
55,accuracy,0,0.15,0.0,1.0
55,cross_entropy,0,0.05,1.564457,0.002531
55,cross_entropy,0,0.075,2.225892,0.00118
55,cross_entropy,0,0.1,2.783466,0.000654
55,cross_entropy,0,0.15,3.605272,0.000287
55,auc,1,0.05,0.0,0.0
55,auc,1,0.075,0.0,0.0
55,auc,1,0.1,0.0,0.0
55,auc,1,0.15,0.0,0.0
55,accuracy,1,0.05,1.0,0.0
55,accuracy,1,0.075,1.0,0.0
55,accuracy,1,0.1,1.0,0.0
55,accuracy,1,0.15,1.0,0.0
55,cross_entropy,1,0.05,0.002453,1.621423
55,cross_entropy,1,0.075,0.001125,2.308916
55,cross_entropy,1,0.1,0.000613,2.878146
55,cross_entropy,1,0.15,0.000265,3.719857
56,auc,0,0.05,1.0,0.032258
56,auc,0,0.075,1.0,0.032258
56,auc,0,0.1,1.0,0.032258
56,auc,0,0.15,1.0,0.032258
56,accuracy,0,0.05,0.125,0.96875
56,accuracy,0,0.075,0.03125,0.96875
56,accuracy,0,0.1,0.03125,0.96875
56,accuracy,0,0.15,0.03125,0.96875
56,cross_entropy,0,0.05,1.269462,0.246215
56,cross_entropy,0,0.075,1.83878,0.272618
56,cross_entropy,0,0.1,2.329901,0.293206
56,cross_entropy,0,0.15,3.084289,0.320764
56,auc,1,0.05,0.645161,0.967742
56,auc,1,0.075,0.322581,1.0
56,auc,1,0.1,0.129032,1.0
56,auc,1,0.15,0.064516,1.0
56,accuracy,1,0.05,0.96875,0.09375
56,accuracy,1,0.075,0.96875,0.03125
56,accuracy,1,0.1,0.96875,0.03125
56,accuracy,1,0.15,0.96875,0.03125
56,cross_entropy,1,0.05,0.187729,1.337983
56,cross_entropy,1,0.075,0.225227,1.920654
56,cross_entropy,1,0.1,0.256503,2.418115
56,cross_entropy,1,0.15,0.294599,3.192546
57,auc,0,0.05,1.0,0.0
57,auc,0,0.075,1.0,0.0
57,auc,0,0.1,1.0,0.0
57,auc,0,0.15,1.0,0.0
57,accuracy,0,0.05,0.03125,0.96875
57,accuracy,0,0.075,0.03125,0.96875
57,accuracy,0,0.1,0.03125,0.96875
57,accuracy,0,0.15,0.03125,0.96875
57,cross_entropy,0,0.05,1.553854,0.239028
57,cross_entropy,0,0.075,2.202383,0.269385
57,cross_entropy,0,0.1,2.729933,0.292856
57,cross_entropy,0,0.15,3.539504,0.332926
57,auc,1,0.05,0.774194,1.0
57,auc,1,0.075,0.354839,1.0
57,auc,1,0.1,0.064516,1.0
57,auc,1,0.15,0.0,1.0
57,accuracy,1,0.05,0.96875,0.09375
57,accuracy,1,0.075,0.96875,0.03125
57,accuracy,1,0.1,0.96875,0.03125
57,accuracy,1,0.15,0.96875,0.03125
57,cross_entropy,1,0.05,0.176092,1.549531
57,cross_entropy,1,0.075,0.227755,2.204833
57,cross_entropy,1,0.1,0.266658,2.737198
57,cross_entropy,1,0.15,0.318391,3.570289
58,auc,0,0.05,1.0,0.258065
58,auc,0,0.075,1.0,0.193548
58,auc,0,0.1,1.0,0.193548
58,auc,0,0.15,1.0,0.193548
58,accuracy,0,0.05,0.1875,0.96875
58,accuracy,0,0.075,0.0625,0.96875
58,accuracy,0,0.1,0.03125,0.96875
58,accuracy,0,0.15,0.03125,0.96875
58,cross_entropy,0,0.05,1.376322,0.228447
58,cross_entropy,0,0.075,1.952708,0.253772
58,cross_entropy,0,0.1,2.452853,0.272826
58,cross_entropy,0,0.15,3.223633,0.303062
58,auc,1,0.05,0.516129,0.967742
58,auc,1,0.075,0.419355,0.967742
58,auc,1,0.1,0.387097,0.967742
58,auc,1,0.15,0.258065,0.967742
58,accuracy,1,0.05,0.96875,0.15625
58,accuracy,1,0.075,0.96875,0.03125
58,accuracy,1,0.1,0.96875,0.03125
58,accuracy,1,0.15,0.96875,0.03125
58,cross_entropy,1,0.05,0.192762,1.328256
58,cross_entropy,1,0.075,0.228178,1.940415
58,cross_entropy,1,0.1,0.254766,2.439831
58,cross_entropy,1,0.15,0.291351,3.228541
59,auc,0,0.05,0.0,0.0
59,auc,0,0.075,0.0,0.0
59,auc,0,0.1,0.0,0.0
59,auc,0,0.15,0.0,0.0
59,accuracy,0,0.05,0.125,1.0
59,accuracy,0,0.075,0.0,1.0
59,accuracy,0,0.1,0.0,1.0
59,accuracy,0,0.15,0.0,1.0
59,cross_entropy,0,0.05,1.512417,0.002212
59,cross_entropy,0,0.075,2.157858,0.00104
59,cross_entropy,0,0.1,2.707271,0.000581
59,cross_entropy,0,0.15,3.546173,0.000257
59,auc,1,0.05,0.0,0.0
59,auc,1,0.075,0.0,0.0
59,auc,1,0.1,0.0,0.0
59,auc,1,0.15,0.0,0.0
59,accuracy,1,0.05,1.0,0.0625
59,accuracy,1,0.075,1.0,0.0
59,accuracy,1,0.1,1.0,0.0
59,accuracy,1,0.15,1.0,0.0
59,cross_entropy,1,0.05,0.002377,1.531797
59,cross_entropy,1,0.075,0.001081,2.179587
59,cross_entropy,1,0.1,0.000594,2.734095
59,cross_entropy,1,0.15,0.000252,3.58739
60,auc,0,0.05,1.0,0.064516
60,auc,0,0.075,1.0,0.096774
60,auc,0,0.1,1.0,0.096774
60,auc,0,0.15,1.0,0.096774
60,accuracy,0,0.05,0.25,0.96875
60,accuracy,0,0.075,0.03125,0.96875
60,accuracy,0,0.1,0.03125,0.96875
60,accuracy,0,0.15,0.03125,0.96875
60,cross_entropy,0,0.05,1.176548,0.229851
60,cross_entropy,0,0.075,1.753165,0.248549
60,cross_entropy,0,0.1,2.249506,0.264204
60,cross_entropy,0,0.15,3.019974,0.28962
60,auc,1,0.05,0.935484,1.0
60,auc,1,0.075,0.709677,1.0
60,auc,1,0.1,0.612903,0.967742
60,auc,1,0.15,0.548387,0.967742
60,accuracy,1,0.05,0.96875,0.0625
60,accuracy,1,0.075,0.96875,0.03125
60,accuracy,1,0.1,0.96875,0.03125
60,accuracy,1,0.15,0.96875,0.03125
60,cross_entropy,1,0.05,0.168239,1.259103
60,cross_entropy,1,0.075,0.204016,1.838509
60,cross_entropy,1,0.1,0.229319,2.343814
60,cross_entropy,1,0.15,0.268045,3.114766
61,auc,0,0.05,1.0,0.064516
61,auc,0,0.075,1.0,0.064516
61,auc,0,0.1,1.0,0.064516
61,auc,0,0.15,1.0,0.129032
61,accuracy,0,0.05,0.15625,0.96875
61,accuracy,0,0.075,0.03125,0.96875
61,accuracy,0,0.1,0.03125,0.96875
61,accuracy,0,0.15,0.03125,0.96875
61,cross_entropy,0,0.05,1.384143,0.237185
61,cross_entropy,0,0.075,1.98279,0.258441
61,cross_entropy,0,0.1,2.486363,0.276832
61,cross_entropy,0,0.15,3.257643,0.299698
61,auc,1,0.05,0.548387,1.0
61,auc,1,0.075,0.387097,1.0
61,auc,1,0.1,0.193548,1.0
61,auc,1,0.15,0.193548,1.0
61,accuracy,1,0.05,0.96875,0.15625
61,accuracy,1,0.075,0.96875,0.03125
61,accuracy,1,0.1,0.96875,0.03125
61,accuracy,1,0.15,0.96875,0.03125
61,cross_entropy,1,0.05,0.191946,1.37626
61,cross_entropy,1,0.075,0.223014,1.99566
61,cross_entropy,1,0.1,0.251632,2.518103
61,cross_entropy,1,0.15,0.285824,3.318009
62,auc,0,0.05,0.0,0.0
62,auc,0,0.075,0.0,0.0
62,auc,0,0.1,0.0,0.0
62,auc,0,0.15,0.0,0.0
62,accuracy,0,0.05,0.15625,1.0
62,accuracy,0,0.075,0.0,1.0
62,accuracy,0,0.1,0.0,1.0
62,accuracy,0,0.15,0.0,1.0
62,cross_entropy,0,0.05,1.233324,0.002279
62,cross_entropy,0,0.075,1.814805,0.001048
62,cross_entropy,0,0.1,2.330551,0.000576
62,cross_entropy,0,0.15,3.138234,0.000246
62,auc,1,0.05,0.0,0.0
62,auc,1,0.075,0.0,0.0
62,auc,1,0.1,0.0,0.0
62,auc,1,0.15,0.0,0.0
62,accuracy,1,0.05,1.0,0.0625
62,accuracy,1,0.075,1.0,0.0
62,accuracy,1,0.1,1.0,0.0
62,accuracy,1,0.15,1.0,0.0
62,cross_entropy,1,0.05,0.002102,1.316058
62,cross_entropy,1,0.075,0.000969,1.918249
62,cross_entropy,1,0.1,0.000543,2.420694
62,cross_entropy,1,0.15,0.000233,3.215138
63,auc,0,0.05,1.0,0.032258
63,auc,0,0.075,1.0,0.032258
63,auc,0,0.1,1.0,0.032258
63,auc,0,0.15,1.0,0.032258
63,accuracy,0,0.05,0.125,0.96875
63,accuracy,0,0.075,0.03125,0.96875
63,accuracy,0,0.1,0.03125,0.96875
63,accuracy,0,0.15,0.03125,0.96875
63,cross_entropy,0,0.05,1.316741,0.229274
63,cross_entropy,0,0.075,1.910618,0.262971
63,cross_entropy,0,0.1,2.421254,0.286303
63,cross_entropy,0,0.15,3.200289,0.32301
63,auc,1,0.05,0.483871,1.0
63,auc,1,0.075,0.193548,1.0
63,auc,1,0.1,0.129032,1.0
63,auc,1,0.15,0.064516,1.0
63,accuracy,1,0.05,0.96875,0.09375
63,accuracy,1,0.075,0.96875,0.03125
63,accuracy,1,0.1,0.96875,0.03125
63,accuracy,1,0.15,0.96875,0.03125
63,cross_entropy,1,0.05,0.196253,1.327433
63,cross_entropy,1,0.075,0.24211,1.929915
63,cross_entropy,1,0.1,0.274708,2.440399
63,cross_entropy,1,0.15,0.315663,3.216899
64,auc,0,0.05,0.0,0.0
64,auc,0,0.075,0.0,0.0
64,auc,0,0.1,0.0,0.0
64,auc,0,0.15,0.0,0.0
64,accuracy,0,0.05,0.28125,1.0
64,accuracy,0,0.075,0.0,1.0
64,accuracy,0,0.1,0.0,1.0
64,accuracy,0,0.15,0.0,1.0
64,cross_entropy,0,0.05,1.193744,0.002025
64,cross_entropy,0,0.075,1.761898,0.000948
64,cross_entropy,0,0.1,2.26372,0.000526
64,cross_entropy,0,0.15,3.027364,0.000234
64,auc,1,0.05,0.0,0.0
64,auc,1,0.075,0.0,0.0
64,auc,1,0.1,0.0,0.0
64,auc,1,0.15,0.0,0.0
64,accuracy,1,0.05,1.0,0.125
64,accuracy,1,0.075,1.0,0.03125
64,accuracy,1,0.1,1.0,0.0
64,accuracy,1,0.15,1.0,0.0
64,cross_entropy,1,0.05,0.00218,1.219056
64,cross_entropy,1,0.075,0.00101,1.787977
64,cross_entropy,1,0.1,0.000556,2.285894
64,cross_entropy,1,0.15,0.000237,3.071412
65,auc,0,0.05,0.967742,0.193548
65,auc,0,0.075,0.967742,0.193548
65,auc,0,0.1,0.967742,0.258065
65,auc,0,0.15,0.967742,0.225806
65,accuracy,0,0.05,0.3125,0.96875
65,accuracy,0,0.075,0.03125,0.96875
65,accuracy,0,0.1,0.03125,0.96875
65,accuracy,0,0.15,0.03125,0.96875
65,cross_entropy,0,0.05,1.669799,0.221906
65,cross_entropy,0,0.075,2.354686,0.247283
65,cross_entropy,0,0.1,2.922332,0.266443
65,cross_entropy,0,0.15,3.789181,0.298343
65,auc,1,0.05,0.903226,0.870968
65,auc,1,0.075,0.806452,0.870968
65,auc,1,0.1,0.645161,0.870968
65,auc,1,0.15,0.483871,0.935484
65,accuracy,1,0.05,0.96875,0.0625
65,accuracy,1,0.075,0.96875,0.03125
65,accuracy,1,0.1,0.96875,0.03125
65,accuracy,1,0.15,0.96875,0.03125
65,cross_entropy,1,0.05,0.167382,1.884312
65,cross_entropy,1,0.075,0.206047,2.559165
65,cross_entropy,1,0.1,0.23433,3.120414
65,cross_entropy,1,0.15,0.277736,3.955364
66,auc,0,0.05,1.0,0.548387
66,auc,0,0.075,1.0,0.580645
66,auc,0,0.1,1.0,0.580645
66,auc,0,0.15,1.0,0.580645
66,accuracy,0,0.05,0.09375,0.96875
66,accuracy,0,0.075,0.03125,0.96875
66,accuracy,0,0.1,0.03125,0.96875
66,accuracy,0,0.15,0.03125,0.96875
66,cross_entropy,0,0.05,1.530485,0.189448
66,cross_entropy,0,0.075,2.16585,0.211715
66,cross_entropy,0,0.1,2.691364,0.229127
66,cross_entropy,0,0.15,3.504664,0.253095
66,auc,1,0.05,1.0,0.967742
66,auc,1,0.075,1.0,0.967742
66,auc,1,0.1,0.903226,1.0
66,auc,1,0.15,0.870968,1.0
66,accuracy,1,0.05,0.96875,0.09375
66,accuracy,1,0.075,0.96875,0.03125
66,accuracy,1,0.1,0.96875,0.03125
66,accuracy,1,0.15,0.96875,0.03125
66,cross_entropy,1,0.05,0.135838,1.540239
66,cross_entropy,1,0.075,0.171337,2.192507
66,cross_entropy,1,0.1,0.200769,2.726171
66,cross_entropy,1,0.15,0.23846,3.575703
67,auc,0,0.05,1.0,0.333333
67,auc,0,0.075,1.0,0.321839
67,auc,0,0.1,1.0,0.321839
67,auc,0,0.15,1.0,0.321839
67,accuracy,0,0.05,0.1875,0.90625
67,accuracy,0,0.075,0.09375,0.90625
67,accuracy,0,0.1,0.09375,0.90625
67,accuracy,0,0.15,0.09375,0.90625
67,cross_entropy,0,0.05,1.200575,0.660401
67,cross_entropy,0,0.075,1.774907,0.754312
67,cross_entropy,0,0.1,2.255623,0.824915
67,cross_entropy,0,0.15,2.970665,0.928292
67,auc,1,0.05,0.62069,0.988506
67,auc,1,0.075,0.448276,1.0
67,auc,1,0.1,0.390805,1.0
67,auc,1,0.15,0.344828,1.0
67,accuracy,1,0.05,0.90625,0.125
67,accuracy,1,0.075,0.90625,0.09375
67,accuracy,1,0.1,0.90625,0.09375
67,accuracy,1,0.15,0.90625,0.09375
67,cross_entropy,1,0.05,0.531977,1.31474
67,cross_entropy,1,0.075,0.658908,1.873132
67,cross_entropy,1,0.1,0.752594,2.343598
67,cross_entropy,1,0.15,0.888154,3.0758
68,auc,0,0.05,0.0,0.0
68,auc,0,0.075,0.0,0.0
68,auc,0,0.1,0.0,0.0
68,auc,0,0.15,0.0,0.0
68,accuracy,0,0.05,0.15625,1.0
68,accuracy,0,0.075,0.03125,1.0
68,accuracy,0,0.1,0.0,1.0
68,accuracy,0,0.15,0.0,1.0
68,cross_entropy,0,0.05,1.301402,0.002301
68,cross_entropy,0,0.075,1.899015,0.001067
68,cross_entropy,0,0.1,2.394722,0.0006
68,cross_entropy,0,0.15,3.182271,0.00026
68,auc,1,0.05,0.0,0.0
68,auc,1,0.075,0.0,0.0
68,auc,1,0.1,0.0,0.0
68,auc,1,0.15,0.0,0.0
68,accuracy,1,0.05,1.0,0.15625
68,accuracy,1,0.075,1.0,0.0
68,accuracy,1,0.1,1.0,0.0
68,accuracy,1,0.15,1.0,0.0
68,cross_entropy,1,0.05,0.00257,1.309516
68,cross_entropy,1,0.075,0.001157,1.897274
68,cross_entropy,1,0.1,0.000624,2.410305
68,cross_entropy,1,0.15,0.000255,3.23153
69,auc,0,0.05,0.967742,0.548387
69,auc,0,0.075,0.967742,0.580645
69,auc,0,0.1,0.967742,0.580645
69,auc,0,0.15,0.967742,0.548387
69,accuracy,0,0.05,0.15625,0.96875
69,accuracy,0,0.075,0.03125,0.96875
69,accuracy,0,0.1,0.03125,0.96875
69,accuracy,0,0.15,0.03125,0.96875
69,cross_entropy,0,0.05,1.537855,0.194055
69,cross_entropy,0,0.075,2.19794,0.220662
69,cross_entropy,0,0.1,2.741591,0.239875
69,cross_entropy,0,0.15,3.567561,0.268878
69,auc,1,0.05,0.870968,0.935484
69,auc,1,0.075,0.774194,0.935484
69,auc,1,0.1,0.741935,0.935484
69,auc,1,0.15,0.709677,0.935484
69,accuracy,1,0.05,0.96875,0.0625
69,accuracy,1,0.075,0.96875,0.03125
69,accuracy,1,0.1,0.96875,0.03125
69,accuracy,1,0.15,0.96875,0.03125
69,cross_entropy,1,0.05,0.17506,1.575307
69,cross_entropy,1,0.075,0.203637,2.231825
69,cross_entropy,1,0.1,0.226992,2.782101
69,cross_entropy,1,0.15,0.257133,3.629187
70,auc,0,0.05,0.0,0.0
70,auc,0,0.075,0.0,0.0
70,auc,0,0.1,0.0,0.0
70,auc,0,0.15,0.0,0.0
70,accuracy,0,0.05,0.25,1.0
70,accuracy,0,0.075,0.0,1.0
70,accuracy,0,0.1,0.0,1.0
70,accuracy,0,0.15,0.0,1.0
70,cross_entropy,0,0.05,1.191407,0.002333
70,cross_entropy,0,0.075,1.781619,0.001069
70,cross_entropy,0,0.1,2.308068,0.00059
70,cross_entropy,0,0.15,3.127344,0.00025
70,auc,1,0.05,0.0,0.0
70,auc,1,0.075,0.0,0.0
70,auc,1,0.1,0.0,0.0
70,auc,1,0.15,0.0,0.0
70,accuracy,1,0.05,1.0,0.0625
70,accuracy,1,0.075,1.0,0.0
70,accuracy,1,0.1,1.0,0.0
70,accuracy,1,0.15,1.0,0.0
70,cross_entropy,1,0.05,0.001925,1.417156
70,cross_entropy,1,0.075,0.000892,2.030176
70,cross_entropy,1,0.1,0.000485,2.55607
70,cross_entropy,1,0.15,0.000206,3.362974
71,auc,0,0.05,0.0,0.0
71,auc,0,0.075,0.0,0.0
71,auc,0,0.1,0.0,0.0
71,auc,0,0.15,0.0,0.0
71,accuracy,0,0.05,0.037037,1.0
71,accuracy,0,0.075,0.0,1.0
71,accuracy,0,0.1,0.0,1.0
71,accuracy,0,0.15,0.0,1.0
71,cross_entropy,0,0.05,1.641474,0.002199
71,cross_entropy,0,0.075,2.29522,0.001003
71,cross_entropy,0,0.1,2.838431,0.000555
71,cross_entropy,0,0.15,3.663252,0.000238
71,auc,1,0.05,0.0,0.0
71,auc,1,0.075,0.0,0.0
71,auc,1,0.1,0.0,0.0
71,auc,1,0.15,0.0,0.0
71,accuracy,1,0.05,1.0,0.037037
71,accuracy,1,0.075,1.0,0.0
71,accuracy,1,0.1,1.0,0.0
71,accuracy,1,0.15,1.0,0.0
71,cross_entropy,1,0.05,0.002257,1.625013
71,cross_entropy,1,0.075,0.001017,2.303051
71,cross_entropy,1,0.1,0.000546,2.872604
71,cross_entropy,1,0.15,0.000226,3.727783
